<?xml version='1.0' encoding='UTF-8'?>
<?atoc version='0.0.2'?>
<atoc>
<summary  count='233'  totalSize='40087814' >
<digs da='MD5'  count='222' />
<digs da='MD5'  count='8' />
</summary>
<cset n='eclipse' >
<summary  count='232'  totalSize='39601192' >
<digs da='MD5'  count='221' />
<digs da='MD5'  count='8' />
</summary>
<cset q='plugin'  href='nq/eclipse_plugin.xml'  size='37887' md5='b2bef962fc86529fb9fa4389562879c8'>
<summary  count='182'  totalSize='39547374' >
<digs da='MD5'  count='173' />
<digs da='MD5'  count='6' />
</summary>
</cset>
<cset q='feature'  href='nq/eclipse_feature.xml'  size='12011' md5='953ad61a617f99577f251ee337ce1e1c'>
<summary  count='50'  totalSize='53818' >
<digs da='MD5'  count='48' />
<digs da='MD5'  count='2' />
</summary>
</cset>
</cset>
<cset n='native' >
<summary  count='1'  totalSize='486622' >
<digs da='MD5'  count='1' />
</summary>
<cset q='zip'  href='nq/native_zip.xml'  size='684' md5='16c72afa6b252bfaaaec3f589de9bb46'>
<summary  count='1'  totalSize='486622' >
<digs da='MD5'  count='1' />
</summary>
</cset>
</cset></atoc>