<?xml version='1.0' encoding='UTF-8'?>
<?toc version='0.0.1'?>
<toc fileCount='50'>
    <file name='file000001' alias='com.ibm.ccl.soa.deploy.common.feature.nls1_5.0.0.v201404250854.jar'/>
    <file name='file000002' alias='com.ibm.ccl.soa.deploy.common.feature.nls2_5.0.0.v201404250855.jar'/>
    <file name='file000003' alias='com.ibm.ccl.soa.deploy.common.feature_5.0.0.v20151114_0444.jar'/>
    <file name='file000004' alias='com.ibm.ccl.soa.sketcher.common.feature.nls1_5.0.0.v201404250854.jar'/>
    <file name='file000005' alias='com.ibm.ccl.soa.sketcher.common.feature.nls2_5.0.0.v201404250855.jar'/>
    <file name='file000006' alias='com.ibm.ccl.soa.sketcher.common.feature_5.0.0.v20151114_0444.jar'/>
    <file name='file000007' alias='com.ibm.rational.rcam.welcome.doc.feature.nl1_3.0.0.v20120808_1627.jar'/>
    <file name='file000008' alias='com.ibm.rational.rcam.welcome.doc.feature.nl2_3.0.0.v20120821_1110.jar'/>
    <file name='file000009' alias='com.ibm.rational.rcam.welcome.doc.feature_3.0.1.v20120703_0757.jar'/>
    <file name='file000010' alias='com.ibm.rcam.collab.client.cshelp.feature.nl1_1.0.0.v20111130_2109.jar'/>
    <file name='file000011' alias='com.ibm.rcam.collab.client.cshelp.feature.nl2_1.0.0.v20111130_2109.jar'/>
    <file name='file000012' alias='com.ibm.rcam.collab.client.cshelp.feature_1.0.0.v20111130_2109.jar'/>
    <file name='file000013' alias='com.ibm.team.repository.client.jfs.feature.nls1_1.1.3.v201511051900.jar'/>
    <file name='file000014' alias='com.ibm.team.repository.client.jfs.feature.nls2_1.1.3.v201511051858.jar'/>
    <file name='file000015' alias='com.ibm.team.repository.client.jfs.feature.nls2a_1.1.3.v201511051901.jar'/>
    <file name='file000016' alias='com.ibm.team.repository.client.jfs.feature_1.1.3000.v20160503_1558.jar'/>
    <file name='file000017' alias='com.ibm.team.repository.common.jfs.feature.nls1_1.4.3.v201603161350.jar'/>
    <file name='file000018' alias='com.ibm.team.repository.common.jfs.feature.nls2_1.4.3.v201603161348.jar'/>
    <file name='file000019' alias='com.ibm.team.repository.common.jfs.feature.nls2a_1.4.3.v201603161352.jar'/>
    <file name='file000020' alias='com.ibm.team.repository.common.jfs.feature_1.1.3000.v20160503_1558.jar'/>
    <file name='file000021' alias='com.ibm.team.server.weaver.feature_1.0.2000.v20160321_1859.jar'/>
    <file name='file000022' alias='com.ibm.xtools.bpmn2.common.feature.nls1_5.0.0.v201404250854.jar'/>
    <file name='file000023' alias='com.ibm.xtools.bpmn2.common.feature.nls2_5.0.0.v201404250855.jar'/>
    <file name='file000024' alias='com.ibm.xtools.bpmn2.common.feature_5.0.0.v20151114_0444.jar'/>
    <file name='file000025' alias='com.ibm.xtools.kenton.client.feature.nls1_4.0.0.v201505071307.jar'/>
    <file name='file000026' alias='com.ibm.xtools.kenton.client.feature.nls2_6.0.0.v201505071310.jar'/>
    <file name='file000027' alias='com.ibm.xtools.kenton.client.feature_6.0.100.v20160322_1939.jar'/>
    <file name='file000028' alias='com.ibm.xtools.kenton.common.emf.feature.nls1_5.0.0.v201404250850.jar'/>
    <file name='file000029' alias='com.ibm.xtools.kenton.common.emf.feature.nls2_5.0.0.v201404250852.jar'/>
    <file name='file000030' alias='com.ibm.xtools.kenton.common.emf.feature_5.0.200.v20160216_1819.jar'/>
    <file name='file000031' alias='com.ibm.xtools.kenton.common.feature.nls1_5.0.0.v201404250850.jar'/>
    <file name='file000032' alias='com.ibm.xtools.kenton.common.feature.nls2_5.0.0.v201404250852.jar'/>
    <file name='file000033' alias='com.ibm.xtools.kenton.common.feature_6.0.100.v20160308_0222.jar'/>
    <file name='file000034' alias='com.ibm.xtools.rmpc.rsa.ui.feature.nls1_6.0.2.v201602251352.jar'/>
    <file name='file000035' alias='com.ibm.xtools.rmpc.rsa.ui.feature.nls2_6.0.2.v201602181611.jar'/>
    <file name='file000036' alias='com.ibm.xtools.rmpc.rsa.ui.feature_6.0.100.v20160715_1339.jar'/>
    <file name='file000037' alias='com.ibm.xtools.rmpc.ui.feature.nls1_6.0.2.v201602251353.jar'/>
    <file name='file000038' alias='com.ibm.xtools.rmpc.ui.feature.nls2_6.0.2.v201602181611.jar'/>
    <file name='file000039' alias='com.ibm.xtools.rmpc.ui.feature_6.0.0.v20160627_1553.jar'/>
    <file name='file000040' alias='com.ibm.xtools.rmpx.common.communicator.feature_6.0.100.v20160305_0046.jar'/>
    <file name='file000041' alias='com.ibm.xtools.rsa.common.feature.nls1_5.0.0.v201404250855.jar'/>
    <file name='file000042' alias='com.ibm.xtools.rsa.common.feature.nls2_5.0.0.v201404250855.jar'/>
    <file name='file000043' alias='com.ibm.xtools.rsa.common.feature_5.0.200.v20151114_0444.jar'/>
    <file name='file000044' alias='com.ibm.xtools.uml.common.feature.nls1_5.0.0.v201404250855.jar'/>
    <file name='file000045' alias='com.ibm.xtools.uml.common.feature.nls2_5.0.0.v201404250855.jar'/>
    <file name='file000046' alias='com.ibm.xtools.uml.common.feature_5.0.0.v20160115_1918.jar'/>
    <file name='file000047' alias='net.oauth.jfs.feature_1.0.4000.v20160321_1859.jar'/>
    <file name='file000048' alias='org.apache.commons.httpclient.jfs.feature_1.0.1100.v20160321_1859.jar'/>
    <file name='file000049' alias='org.apache.http.jfs.feature_1.0.2000.v20160321_1859.jar'/>
    <file name='file000050' alias='org.aspectj.feature_1.7.2.20130214224500.jar'/>
</toc>
