<?xml version='1.0' encoding='UTF-8'?>
<?repositoryDigest version='0.0.1'?>
<repositoryDigest>
  <repository>
    <property name='LayoutPolicy' value='P1'/>
    <property name='LayoutPolicyVersion' value='0.0.0.1'/>
    <property name='RequireContext' value='EnclosingVolumeRepository:path=..'/>
    <offering id='com.ibm.rsa9.dm.client.extension' version='6.0.2000.DMClient602maintenance-I20160722_0333'>
      <information name='%Offering.name' version='6.0.2 iFix003'>
        %Offering.description
      </information>
      <property name='offering.type' value=''/>
      <property name='default.profile' value=''/>
      <property name='default.user.profile' value=''/>
      <property name='vendor.name' value='%vendor.name.value'/>
      <property name='offering.service.repositories' value='http://public.dhe.ibm.com/software/rationalsdp/dm/v4/rsa.client/updates/;http://public.dhe.ibm.com/software/rationalsdp/dm/v4/rsa.client/extensions/'/>
      <property name='offering.RequiresAdmin' value='false'/>
      <property name='supports.console.mode' value='true'/>
      <property name='beta.compatible' value='true'/>
      <property name='OfferingReference.LicensesKinds' value=''/>
      <property name='OfferingReference.enablement.lum.id' value=''/>
      <property name='OfferingReference.enablement.lum.version' value=''/>
      <property name='supportedPlatforms' value='(|(&amp;(os=linux)(|(arch=x86)(arch=x86_64)))(&amp;(os=macosx)(arch=x86_64))(&amp;(os=solaris)(|(arch=sparc)(arch=sparc64)))(&amp;(os=win32)(|(arch=x86)(arch=x86_64))))'/>
      <property name='import.profile.validation' value='true'/>
      <dictionary lang='de'>
        <property name='Offering.name' value='IBM Rational Software Architect Design Manager Client Extension for RSA 9'/>
        <property name='Offering.description' value='Installieren Sie diese Clienterweiterung, um die Verbindung zum Design Management Server mit IBM Rational Software Architect herzustellen. Sie können in Rational Software Architect Designs anzeigen, suchen, prüfen, formatieren und kommentieren und mit anderen Lebenszyklusressourcen verlinken.'/>
        <property name='vendor.name.value' value='IBM'/>
      </dictionary>
      <dictionary lang='ru'>
        <property name='Offering.name' value='IBM Rational Software Architect Design Manager - Расширение клиента для RSA 9'/>
        <property name='Offering.description' value='Установите это расширение клиента, чтобы подключаться к Design Management Server через IBM Rational Software Architect. Вы сможете просматривать и помечать эскизы, выполнять их поиск и проверку, оставлять комментарии и связывать эскизы с другими ресурсами жизненного цикла в Rational Software Architect.'/>
        <property name='vendor.name.value' value='IBM'/>
      </dictionary>
      <dictionary lang='fr'>
        <property name='Offering.name' value='IBM Rational Software Architect Design Manager Client Extension for RSA 9'/>
        <property name='Offering.description' value='Installez cette extension client pour connecter le serveur Design Management Server à IBM Rational Software Architect. Vous pourrez ainsi visualiser, rechercher, réviser, marquer et commenter des conceptions, ainsi que lier des conceptions créées dans Rational Software Architect à d&apos;autres ressources de cycle de vie.'/>
        <property name='vendor.name.value' value='IBM'/>
      </dictionary>
      <dictionary lang='es'>
        <property name='Offering.name' value='Extensión de cliente de IBM Rational Software Architect Design Manager para RSA 9'/>
        <property name='Offering.description' value='Instale esta extensión de cliente para conectar Design Management Server con IBM Rational Software Architect. Puede ver, buscar, revisar, marcar y comentar diseños, así como enlazar diseños en Rational Software Architect con otros recursos de ciclo de vida.'/>
        <property name='vendor.name.value' value='IBM'/>
      </dictionary>
      <dictionary lang='ja'>
        <property name='Offering.name' value='IBM Rational Software Architect Design Manager クライアント拡張 (RSA 9 用)'/>
        <property name='Offering.description' value='このクライアント拡張をインストールすると、Design Management Server を IBM Rational Software Architect に接続できます。 設計の表示、検索、レビュー、マークアップ、設計に対するコメントを行うことができ、 Rational Software Architect 内の設計を他のライフサイクル・リソースにリンクすることも可能です。'/>
        <property name='vendor.name.value' value='IBM'/>
      </dictionary>
      <dictionary lang='zh'>
        <property name='Offering.name' value='IBM Rational Software Architect Design Manager Client Extension for RSA 9'/>
        <property name='Offering.description' value='安装此客户端扩展来将 Design Management 服务器连接至 IBM Rational Software Architect。您可以对设计进行查看、搜索、复审、标记和注释，以及将 Rational Software Architect 中的设计链接至其他生命周期资源。'/>
        <property name='vendor.name.value' value='IBM'/>
      </dictionary>
      <dictionary lang='default'>
        <property name='Offering.name' value='IBM Rational Software Architect Design Manager Client Extension for RSA 9'/>
        <property name='Offering.description' value='Install this client extension to connect the Design Management Server with IBM Rational Software Architect. You can view, search, review, mark up, and comment on designs, and link designs in Rational Software Architect to other lifecycle resources.'/>
        <property name='vendor.name.value' value='IBM'/>
      </dictionary>
      <dictionary lang='it'>
        <property name='Offering.name' value='IBM Rational Software Architect Design Manager Client Extension for RSA 9'/>
        <property name='Offering.description' value='Installare questa estensione client per collegare il server Design Management con IBM Rational Software Architect. È possibile visualizzare, ricercare, revisionare, contrassegnare e commentare progetti e collegarli in Rational Software Architect ad altre risorse del ciclo di vita.'/>
        <property name='vendor.name.value' value='IBM'/>
      </dictionary>
      <dictionary lang='zh_TW'>
        <property name='Offering.name' value='IBM Rational Software Architect Design Manager Client Extension for RSA 9'/>
        <property name='Offering.description' value='安裝此用戶端延伸，以連接 Design Management Server 與 IBM Rational 軟體架構。您可以對設計進行檢視、搜尋、檢查、標記和加註，並可以將 Rational 軟體架構中的設計鏈結至其他生命週期資源。'/>
        <property name='vendor.name.value' value='IBM'/>
      </dictionary>
      <dictionary lang='ko'>
        <property name='Offering.name' value='RSA 9용 IBM Rational Software Architect Design Manager 클라이언트 확장'/>
        <property name='Offering.description' value='Design Management Server를 IBM Rational Software Architect와 연결하도록 이 클라이언트 확장을 설치하십시오. 디자인 보기, 검색, 검토, 표시 및 주석 작성을 수행하고 Rational Software Architect의 디자인을 다른 라이프사이클 자원에 링크할 수 있습니다.'/>
        <property name='vendor.name.value' value='IBM'/>
      </dictionary>
      <dictionary lang='pt_BR'>
        <property name='Offering.name' value='IBM Rational Software Architect Design Manager Client Extension for RSA 9'/>
        <property name='Offering.description' value='Instale esta extensão do cliente para conectar-se ao Servidor Gerenciamento de Design com o IBM Rational Software Architect. É possível visualizar, procurar, revisar, marcar e fazer comentários sobre designs, e vincular designs no Rational Software Architect a outros recursos do ciclo de vida.'/>
        <property name='vendor.name.value' value='IBM'/>
      </dictionary>
      <dictionary lang='hu'>
        <property name='Offering.name' value='IBM Rational Software Architect Design Manager ügyfélkiterjesztés RSA 9 rendszerhez'/>
        <property name='Offering.description' value='Az ügyfélkiterjesztés telepítésével csatlakoztathatja a Design Management kiszolgálót az IBM Rational Software Architect rendszerhez. Megjelenítheti, keresheti, áttekintheti, valamint jelölésekkel és megjegyzésekkel láthatja el a terveket, melyeket más életciklus-erőforrásokhoz is hozzákapcsolhat a Rational Software Architect rendszerben.'/>
        <property name='vendor.name.value' value='IBM'/>
      </dictionary>
      <file name='Offerings/com.ibm.rsa9.dm.client.extension_6.0.2000.DMClient602maintenance-I20160722_0333.jar' size='9031' MD5='fb054e03cfe686014fb4d1f1f5161a22'/>
      <file name='Offerings/com.ibm.rsa9.dm.client.extension_6.0.2000.DMClient602maintenance-I20160722_0333_SE.jar' size='99171' MD5='4290bb59896387177d0066256830635c'/>
    </offering>
  </repository>
</repositoryDigest>
