<?xml version='1.0' encoding='UTF-8'?>
<?atoc version='0.0.2'?>
<atoc>
<cset n='eclipse' >
<cset q='plugin' >
<cset id='com.ibm.rsa*' >
<cset v='6.*' >
<cset p='*' >
<af id='com.ibm.rsa.dm.client.install.license.panel'  v='6.0.0.v20160708_2123'  p=''  ex='false'  disk='1' />
</cset>
</cset>
<cset v='4.*' >
<cset p='*' >
<af id='com.ibm.rsa.dm.client.install.moreinfo'  v='4.0.0.201404282334'  p=''  ex='false'  disk='1' />
</cset>
</cset>
<cset v='1.*' >
<cset p='*' >
<af id='com.ibm.rsa.dm.client.extension.version.check'  v='1.0.0.201602172000'  p=''  ex='false'  disk='1' />
</cset>
</cset>
</cset>
<cset id='com.ibm.xtools*' >
<cset v='6.*' >
<cset p='*' >
<af id='com.ibm.xtools.rmpx.comment'  v='6.0.0.v20151113_2012'  p=''  ex='false'  disk='1' />
<af id='com.ibm.xtools.rmpx.common'  v='6.0.200.v20160305_0046'  p=''  ex='false'  disk='1' />
<af id='com.ibm.xtools.rmpx.link'  v='6.0.0.v20151113_2012'  p=''  ex='false'  disk='1' />
<af id='com.ibm.xtools.rmpx.oauth'  v='6.0.200.v20160305_0046'  p=''  ex='false'  disk='1' />
<af id='com.ibm.xtools.rmpx.subscriptions'  v='6.0.0.v20151113_2012'  p=''  ex='false'  disk='1' />
<af id='com.ibm.xtools.rmpx.validation'  v='6.0.0.v20151113_2012'  p=''  ex='false'  disk='1' />
<af id='com.ibm.xtools.rmpx.streams'  v='6.0.0.v20151113_2012'  p=''  ex='false'  disk='1' />
<af id='com.ibm.xtools.rmpx.dmcore'  v='6.0.100.v20160209_0132'  p=''  ex='false'  disk='1' />
<af id='com.ibm.xtools.rmpx.sparqlRDF'  v='6.0.0.v20151113_2012'  p=''  ex='false'  disk='1' />
<af id='com.ibm.xtools.rmpc.changesets'  v='6.0.200.v20160309_1805'  p=''  ex='false'  disk='1' />
<af id='com.ibm.xtools.rmpc.diagrams'  v='6.0.100.v20151113_2012'  p=''  ex='false'  disk='1' />
<af id='com.ibm.xtools.rmpc.groups'  v='6.0.100.v20151113_2012'  p=''  ex='false'  disk='1' />
<af id='com.ibm.xtools.rmpc.importer'  v='6.0.200.v20160212_1819'  p=''  ex='false'  disk='1' />
<af id='com.ibm.xtools.rmpc.info'  v='6.0.100.v20151208_1238'  p=''  ex='false'  disk='1' />
<af id='com.ibm.xtools.rmpc.search'  v='6.0.100.v20160210_1829'  p=''  ex='false'  disk='1' />
<af id='com.ibm.xtools.rmpc.importhook'  v='6.0.100.v20160322_1939'  p=''  ex='false'  disk='1' />
<af id='com.ibm.xtools.rmpc.subscriptions'  v='6.0.100.v20151113_2012'  p=''  ex='false'  disk='1' />
<af id='com.ibm.xtools.rmpc.review'  v='6.0.100.v20151113_2012'  p=''  ex='false'  disk='1' />
<af id='com.ibm.xtools.rmpc.bulk'  v='6.0.0.v20151113_2012'  p=''  ex='false'  disk='1' />
<af id='com.ibm.xtools.rmpc.compatibility'  v='6.0.100.v20160210_1829'  p=''  ex='false'  disk='1' />
<af id='com.ibm.xtools.rmpc.core'  v='6.0.200.v20160627_1553'  p=''  ex='false'  disk='1' />
<af id='com.ibm.xtools.rmpc.ui'  v='6.0.200.v20160627_1553'  p=''  ex='false'  disk='1' />
<af id='com.ibm.xtools.rmpc.ui.clm'  v='6.0.100.v20151114_0444'  p=''  ex='false'  disk='1' />
<af id='com.ibm.xtools.rmpc.ui.comment'  v='6.0.200.v20160309_0450'  p=''  ex='false'  disk='1' />
<af id='com.ibm.xtools.rmpc.ui.comment.diagram'  v='6.0.200.v20160217_2039'  p=''  ex='false'  disk='1' />
<af id='com.ibm.xtools.rmpc.ui.reporting'  v='6.0.100.v20151114_0444'  p=''  ex='false'  disk='1' />
<af id='com.ibm.xtools.rmpc.rsa.ui'  v='6.0.200.v20160715_1339'  p=''  ex='false'  disk='1' />
<af id='com.ibm.xtools.modeler.rmpc.ui'  v='6.0.200.v20160715_1339'  p=''  ex='false'  disk='1' />
<af id='com.ibm.xtools.rmpc.rsa.ui.clm'  v='6.0.200.v20160216_2037'  p=''  ex='false'  disk='1' />
<af id='com.ibm.xtools.rmpc.rsa.ui.search'  v='6.0.0.v20151114_0444'  p=''  ex='false'  disk='1' />
<af id='com.ibm.xtools.rmpc.rsa.ui.ram'  v='6.0.0.v20151114_0444'  p=''  ex='false'  disk='1' />
<af id='com.ibm.xtools.rmpc.rsa.ui.reporting'  v='6.0.0.v20151114_0444'  p=''  ex='false'  disk='1' />
<af id='com.ibm.xtools.rmpc.rsa.ui.transform'  v='6.0.0.v20151114_0444'  p=''  ex='false'  disk='1' />
<af id='com.ibm.xtools.bpmn2.rmpc.ui'  v='6.0.0.v20151114_0444'  p=''  ex='false'  disk='1' />
<af id='com.ibm.xtools.rmpc.rsa.ui.rtc'  v='6.0.200.v20160627_1553'  p=''  ex='false'  disk='1' />
<af id='com.ibm.xtools.rmpc.rsa.transform'  v='6.0.0.v20151114_0444'  p=''  ex='false'  disk='1' />
<af id='com.ibm.xtools.rmpx.common.emf'  v='6.0.200.v20160216_1819'  p=''  ex='false'  disk='1' />
<af id='com.ibm.xtools.rmpx.common.emf.sdk'  v='6.0.0.v20151113_2012'  p=''  ex='false'  disk='1' />
<af id='com.ibm.xtools.bpmn2.rmpx.common'  v='6.0.0.v20151114_0444'  p=''  ex='false'  disk='1' />
<af id='com.ibm.xtools.uml.rmpx.common'  v='6.0.100.v20160115_1918'  p=''  ex='false'  disk='1' />
<af id='com.ibm.xtools.rsa.rmpx.common'  v='6.0.100.v20151114_0444'  p=''  ex='false'  disk='1' />
<af id='com.ibm.xtools.rmpx.common.communicator'  v='6.0.200.v20160224_1825'  p=''  ex='false'  disk='1' />
<af id='com.ibm.xtools.rmpc.importer.nl1'  v='6.0.0.v201505071307'  p=''  ex='false'  disk='1' />
<af id='com.ibm.xtools.rmpc.importer.nl2'  v='6.0.0.v201505071310'  p=''  ex='false'  disk='1' />
<af id='com.ibm.xtools.rmpc.core.nl2'  v='6.0.1.v201602181611'  p=''  ex='false'  disk='1' />
<af id='com.ibm.xtools.rmpc.ui.nl2'  v='6.0.1.v201511021043'  p=''  ex='false'  disk='1' />
<af id='com.ibm.xtools.rmpc.ui.clm.nl2'  v='6.0.1.v201511021043'  p=''  ex='false'  disk='1' />
<af id='com.ibm.xtools.rmpc.ui.comment.nl2'  v='6.0.0.v201505071313'  p=''  ex='false'  disk='1' />
<af id='com.ibm.xtools.rmpc.core.nl1'  v='6.0.1.v201602251353'  p=''  ex='false'  disk='1' />
<af id='com.ibm.xtools.rmpc.ui.nl1'  v='6.0.2.v201602251353'  p=''  ex='false'  disk='1' />
<af id='com.ibm.xtools.rmpc.ui.clm.nl1'  v='6.0.1.v201511021042'  p=''  ex='false'  disk='1' />
<af id='com.ibm.xtools.rmpc.ui.comment.nl1'  v='6.0.0.v201505071312'  p=''  ex='false'  disk='1' />
<af id='com.ibm.xtools.bpmn2.rmpc.ui.nl2'  v='6.0.0.v201505071313'  p=''  ex='false'  disk='1' />
<af id='com.ibm.xtools.modeler.rmpc.ui.nl2'  v='6.0.0.v201505071313'  p=''  ex='false'  disk='1' />
<af id='com.ibm.xtools.rmpc.rsa.ui.nl2'  v='6.0.2.v201602181610'  p=''  ex='false'  disk='1' />
<af id='com.ibm.xtools.rmpc.rsa.ui.clm.nl2'  v='6.0.1.v201511021042'  p=''  ex='false'  disk='1' />
<af id='com.ibm.xtools.rmpc.rsa.ui.reporting.nl2'  v='6.0.0.v201505071313'  p=''  ex='false'  disk='1' />
<af id='com.ibm.xtools.rmpc.rsa.ui.rtc.nl2'  v='6.0.0.v201505071313'  p=''  ex='false'  disk='1' />
<af id='com.ibm.xtools.bpmn2.rmpc.ui.nl1'  v='6.0.0.v201505071312'  p=''  ex='false'  disk='1' />
<af id='com.ibm.xtools.modeler.rmpc.ui.nl1'  v='6.0.0.v201505071312'  p=''  ex='false'  disk='1' />
<af id='com.ibm.xtools.rmpc.rsa.ui.nl1'  v='6.0.2.v201602251352'  p=''  ex='false'  disk='1' />
<af id='com.ibm.xtools.rmpc.rsa.ui.clm.nl1'  v='6.0.1.v201511021042'  p=''  ex='false'  disk='1' />
<af id='com.ibm.xtools.rmpc.rsa.ui.reporting.nl1'  v='6.0.0.v201505071312'  p=''  ex='false'  disk='1' />
<af id='com.ibm.xtools.rmpc.rsa.ui.rtc.nl1'  v='6.0.0.v201505071312'  p=''  ex='false'  disk='1' />
</cset>
</cset>
<cset v='4.*' >
<cset p='*' >
<af id='com.ibm.xtools.rmpx.comment.nl2'  v='4.0.100.v201305211811'  p=''  ex='false'  disk='1' />
<af id='com.ibm.xtools.rmpx.link.nl2'  v='4.0.300.v201305211811'  p=''  ex='false'  disk='1' />
<af id='com.ibm.xtools.rmpx.subscriptions.nl2'  v='4.0.0.v201305211811'  p=''  ex='false'  disk='1' />
<af id='com.ibm.xtools.rmpx.validation.nl2'  v='4.0.0.v201305211811'  p=''  ex='false'  disk='1' />
<af id='com.ibm.xtools.rmpx.comment.nl1'  v='4.0.100.v201305211811'  p=''  ex='false'  disk='1' />
<af id='com.ibm.xtools.rmpx.link.nl1'  v='4.0.300.v201305211811'  p=''  ex='false'  disk='1' />
<af id='com.ibm.xtools.rmpx.subscriptions.nl1'  v='4.0.0.v201305211811'  p=''  ex='false'  disk='1' />
<af id='com.ibm.xtools.rmpx.validation.nl1'  v='4.0.0.v201305211811'  p=''  ex='false'  disk='1' />
</cset>
</cset>
<cset v='5.*' >
<cset p='*' >
<af id='com.ibm.xtools.rmpx.dmcore.nl2'  v='5.0.0.v201404250849'  p=''  ex='false'  disk='1' />
<af id='com.ibm.xtools.rmpx.dmcore.nl1'  v='5.0.0.v201404250849'  p=''  ex='false'  disk='1' />
<af id='com.ibm.xtools.rmpc.diagrams.nl1'  v='5.0.0.v201404250849'  p=''  ex='false'  disk='1' />
<af id='com.ibm.xtools.rmpc.groups.nl1'  v='5.0.0.v201404250849'  p=''  ex='false'  disk='1' />
<af id='com.ibm.xtools.rmpc.info.nl1'  v='5.0.0.v201404250849'  p=''  ex='false'  disk='1' />
<af id='com.ibm.xtools.rmpc.review.nl1'  v='5.0.0.v201404250849'  p=''  ex='false'  disk='1' />
<af id='com.ibm.xtools.rmpc.search.nl1'  v='5.0.0.v201404250849'  p=''  ex='false'  disk='1' />
<af id='com.ibm.xtools.rmpc.subscriptions.nl1'  v='5.0.0.v201404250850'  p=''  ex='false'  disk='1' />
<af id='com.ibm.xtools.rmpc.diagrams.nl2'  v='5.0.0.v201404250849'  p=''  ex='false'  disk='1' />
<af id='com.ibm.xtools.rmpc.groups.nl2'  v='5.0.0.v201404250849'  p=''  ex='false'  disk='1' />
<af id='com.ibm.xtools.rmpc.info.nl2'  v='5.0.0.v201404250849'  p=''  ex='false'  disk='1' />
<af id='com.ibm.xtools.rmpc.review.nl2'  v='5.0.0.v201404250849'  p=''  ex='false'  disk='1' />
<af id='com.ibm.xtools.rmpc.search.nl2'  v='5.0.0.v201404250849'  p=''  ex='false'  disk='1' />
<af id='com.ibm.xtools.rmpc.subscriptions.nl2'  v='5.0.0.v201404250850'  p=''  ex='false'  disk='1' />
<af id='com.ibm.xtools.rmpc.ui.comment.diagram.nl2'  v='5.0.0.v201404250855'  p=''  ex='false'  disk='1' />
<af id='com.ibm.xtools.rmpc.ui.reporting.nl2'  v='5.0.0.v201404250855'  p=''  ex='false'  disk='1' />
<af id='com.ibm.xtools.rmpc.ui.comment.diagram.nl1'  v='5.0.0.v201404250855'  p=''  ex='false'  disk='1' />
<af id='com.ibm.xtools.rmpc.ui.reporting.nl1'  v='5.0.0.v201404250855'  p=''  ex='false'  disk='1' />
<af id='com.ibm.xtools.rmpc.rsa.ui.ram.nl2'  v='5.0.0.v201404250855'  p=''  ex='false'  disk='1' />
<af id='com.ibm.xtools.rmpc.rsa.ui.search.nl2'  v='5.0.0.v201404250855'  p=''  ex='false'  disk='1' />
<af id='com.ibm.xtools.rmpc.rsa.ui.transform.nl2'  v='5.0.0.v201404250855'  p=''  ex='false'  disk='1' />
<af id='com.ibm.xtools.rmpc.rsa.ui.ram.nl1'  v='5.0.0.v201404250855'  p=''  ex='false'  disk='1' />
<af id='com.ibm.xtools.rmpc.rsa.ui.search.nl1'  v='5.0.0.v201404250855'  p=''  ex='false'  disk='1' />
<af id='com.ibm.xtools.rmpc.rsa.ui.transform.nl1'  v='5.0.0.v201404250855'  p=''  ex='false'  disk='1' />
<af id='com.ibm.xtools.rmpx.common.emf.nl1'  v='5.0.0.v201404250849'  p=''  ex='false'  disk='1' />
<af id='com.ibm.xtools.rmpx.common.emf.nl2'  v='5.0.0.v201404250849'  p=''  ex='false'  disk='1' />
<af id='com.ibm.xtools.bpmn2.rmpx.common.nl1'  v='5.0.0.v201404250854'  p=''  ex='false'  disk='1' />
<af id='com.ibm.xtools.bpmn2.rmpx.common.nl2'  v='5.0.0.v201404250854'  p=''  ex='false'  disk='1' />
<af id='com.ibm.xtools.uml.rmpx.common.nl1'  v='5.0.0.v201404250854'  p=''  ex='false'  disk='1' />
<af id='com.ibm.xtools.uml.rmpx.common.nl2'  v='5.0.0.v201404250855'  p=''  ex='false'  disk='1' />
<af id='com.ibm.xtools.rsa.rmpx.common.nl1'  v='5.0.0.v201404250854'  p=''  ex='false'  disk='1' />
<af id='com.ibm.xtools.rsa.rmpx.common.nl2'  v='5.0.0.v201404250855'  p=''  ex='false'  disk='1' />
</cset>
</cset>
</cset>
<cset id='org.apache.abdera*' >
<cset v='0.*' >
<cset p='*' >
<af id='org.apache.abdera'  v='0.4.0.v20151113_2012'  p=''  ex='false'  disk='1' />
</cset>
</cset>
</cset>
<cset id='com.hp.hpl*' >
<cset v='2.*' >
<cset p='*' >
<af id='com.hp.hpl.jena.rdf'  v='2.7.2000.v20151015_1353'  p=''  ex='false'  disk='1' />
<af id='com.hp.hpl.jena'  v='2.7.4.v20130320_1901'  p=''  ex='false'  disk='1' />
</cset>
</cset>
</cset>
<cset id='org.apache.lucene2*' >
<cset v='2.*' >
<cset p='*' >
<af id='org.apache.lucene2'  v='2.4.500.v20151009_1554'  p=''  ex='false'  disk='1' />
</cset>
</cset>
</cset>
<cset id='jackson.core.asl*' >
<cset v='1.*' >
<cset p='*' >
<af id='jackson.core.asl'  v='1.5.0.v20151113_2012'  p=''  ex='false'  disk='1' />
</cset>
</cset>
</cset>
<cset id='org.apache.commons*' >
<cset v='2.*' >
<cset p='*' >
<af id='org.apache.commons.lang'  v='2.1.0.v201005080500'  p=''  ex='false'  disk='1' />
</cset>
</cset>
<cset v='1.*' >
<cset p='*' >
<af id='org.apache.commons.fileupload'  v='1.3.1.v20151009_1554'  p=''  ex='false'  disk='1' />
<af id='org.apache.commons.io'  v='1.2.1100.v20160321_1859'  p=''  ex='false'  disk='1' />
<af id='org.apache.commons.codec'  v='1.3.0.v20100518-1140'  p=''  ex='false'  disk='1' />
</cset>
</cset>
<cset v='3.*' >
<cset p='*' >
<af id='org.apache.commons.httpclient'  v='3.1.0.v201005080502'  p=''  ex='false'  disk='1' />
</cset>
</cset>
</cset>
<cset id='org.apache.log4j*' >
<cset v='1.*' >
<cset p='*' >
<af id='org.apache.log4j'  v='1.2.15.v201005080500'  p=''  ex='false'  disk='1' />
</cset>
</cset>
</cset>
<cset id='com.ibm.ccl*' >
<cset v='6.*' >
<cset p='*' >
<af id='com.ibm.ccl.soa.deploy.core.ui.rmpc'  v='6.0.200.v20160310_1940'  p=''  ex='false'  disk='1' />
<af id='com.ibm.ccl.soa.sketcher.ui.rmpc'  v='6.0.100.v20151114_0444'  p=''  ex='false'  disk='1' />
<af id='com.ibm.ccl.soa.deploy.rmpx.common'  v='6.0.0.v20151114_0444'  p=''  ex='false'  disk='1' />
<af id='com.ibm.ccl.soa.sketcher.rmpx.common'  v='6.0.0.v20151114_0444'  p=''  ex='false'  disk='1' />
<af id='com.ibm.ccl.soa.deploy.core.ui.rmpc.nl2'  v='6.0.0.v201505071313'  p=''  ex='false'  disk='1' />
<af id='com.ibm.ccl.soa.deploy.core.ui.rmpc.nl1'  v='6.0.0.v201505071312'  p=''  ex='false'  disk='1' />
</cset>
</cset>
<cset v='5.*' >
<cset p='*' >
<af id='com.ibm.ccl.soa.sketcher.ui.rmpc.nl2'  v='5.0.0.v201404250855'  p=''  ex='false'  disk='1' />
<af id='com.ibm.ccl.soa.sketcher.ui.rmpc.nl1'  v='5.0.0.v201404250854'  p=''  ex='false'  disk='1' />
<af id='com.ibm.ccl.soa.deploy.rmpx.common.nl1'  v='5.0.0.v201404250854'  p=''  ex='false'  disk='1' />
<af id='com.ibm.ccl.soa.deploy.rmpx.common.nl2'  v='5.0.0.v201404250854'  p=''  ex='false'  disk='1' />
<af id='com.ibm.ccl.soa.sketcher.rmpx.common.nl2'  v='5.0.0.v201404250854'  p=''  ex='false'  disk='1' />
<af id='com.ibm.ccl.soa.sketcher.rmpx.common.nl1'  v='5.0.0.v201404250854'  p=''  ex='false'  disk='1' />
</cset>
</cset>
</cset>
<cset id='com.ibm.rcam*' >
<cset v='1.*' >
<cset p='*' >
<af id='com.ibm.rcam.collab_client.cshelp'  v='1.0.0.v20111130_2109'  p=''  ex='false'  disk='1' />
</cset>
</cset>
<cset v='7.*' >
<cset p='*' >
<af id='com.ibm.rcam.collab_client.cshelp.nl2'  v='7.0.5.v20111130_2109'  p=''  ex='false'  disk='1' />
<af id='com.ibm.rcam.collab_client.cshelp.nl1'  v='7.0.5.v20111130_2109'  p=''  ex='false'  disk='1' />
</cset>
</cset>
</cset>
<cset id='com.ibm.rational*' >
<cset v='3.*' >
<cset p='*' >
<af id='com.ibm.rational.rcam.welcome.doc'  v='3.0.1.v20120703_0757'  p=''  ex='false'  disk='1' />
</cset>
</cset>
<cset v='1.*' >
<cset p='*' >
<af id='com.ibm.rational.rcam.welcome.doc.nl1'  v='1.0.1.v20120808_1627'  p=''  ex='false'  disk='1' />
<af id='com.ibm.rational.rcam.welcome.doc.nl2'  v='1.0.1.v20120821_1110'  p=''  ex='false'  disk='1' />
</cset>
</cset>
</cset>
<cset id='com.ibm.team*' >
<cset v='1.*' >
<cset p='*' >
<af id='com.ibm.team.repository.client'  v='1.3.3000.v20160503_1558'  p=''  ex='false'  disk='1' />
<af id='com.ibm.team.javalogging.ui'  v='1.1.1200.v20130129_0138'  p=''  ex='false'  disk='1' />
<af id='com.ibm.team.log4j.ui'  v='1.2.1000.v20150218_1646'  p=''  ex='false'  disk='1' />
<af id='com.ibm.team.repository.common'  v='1.4.3000.v20160503_1558'  p=''  ex='false'  disk='1' />
<af id='com.ibm.team.repository.common.transport'  v='1.2.0.v20140307_1622'  p=''  ex='false'  disk='1' />
<af id='com.ibm.team.repository.common.json'  v='1.2.1000.v20150610_0124'  p=''  ex='false'  disk='1' />
<af id='com.ibm.team.repository.common.remoteaccess'  v='1.2.3000.v20160503_1558'  p=''  ex='false'  disk='1' />
<af id='com.ibm.team.repository.common.remoteaccess.auth'  v='1.3.1000.v20141126_0052'  p=''  ex='false'  disk='1' />
<af id='com.ibm.team.repository.common.serialize'  v='1.2.3000.v20160308_1839'  p=''  ex='false'  disk='1' />
<af id='com.ibm.team.javalogging.ui.nl2a'  v='1.1.4.v201305071657'  p=''  ex='false'  disk='1' />
<af id='com.ibm.team.log4j.ui.nl2a'  v='1.1.1.v201109280231'  p=''  ex='false'  disk='1' />
<af id='com.ibm.team.repository.client.nl2a'  v='1.3.3.v201511051901'  p=''  ex='false'  disk='1' />
<af id='com.ibm.team.javalogging.ui.nl2'  v='1.1.1.v201109280231'  p=''  ex='false'  disk='1' />
<af id='com.ibm.team.log4j.ui.nl2'  v='1.1.1.v201109280231'  p=''  ex='false'  disk='1' />
<af id='com.ibm.team.repository.client.nl2'  v='1.3.3.v201511051858'  p=''  ex='false'  disk='1' />
<af id='com.ibm.team.javalogging.ui.nl1'  v='1.1.5.v201505131348'  p=''  ex='false'  disk='1' />
<af id='com.ibm.team.log4j.ui.nl1'  v='1.1.2.v201505131348'  p=''  ex='false'  disk='1' />
<af id='com.ibm.team.repository.client.nl1'  v='1.3.3.v201511051900'  p=''  ex='false'  disk='1' />
<af id='com.ibm.team.repository.common.nl2'  v='1.4.4.v201603161348'  p=''  ex='false'  disk='1' />
<af id='com.ibm.team.repository.common.json.nl2'  v='1.1.1.v201109280231'  p=''  ex='false'  disk='1' />
<af id='com.ibm.team.repository.common.remoteaccess.nl2'  v='1.2.102.v201511051858'  p=''  ex='false'  disk='1' />
<af id='com.ibm.team.repository.common.remoteaccess.auth.nl2'  v='1.3.100.v201410211624'  p=''  ex='false'  disk='1' />
<af id='com.ibm.team.repository.common.serialize.nl2'  v='1.2.2.v201505131346'  p=''  ex='false'  disk='1' />
<af id='com.ibm.team.repository.common.transport.nl2'  v='1.1.1.v201109280231'  p=''  ex='false'  disk='1' />
<af id='com.ibm.team.repository.common.nl1'  v='1.4.5.v201603161350'  p=''  ex='false'  disk='1' />
<af id='com.ibm.team.repository.common.json.nl1'  v='1.1.2.v201505131348'  p=''  ex='false'  disk='1' />
<af id='com.ibm.team.repository.common.remoteaccess.nl1'  v='1.2.102.v201511051900'  p=''  ex='false'  disk='1' />
<af id='com.ibm.team.repository.common.remoteaccess.auth.nl1'  v='1.3.101.v201505131348'  p=''  ex='false'  disk='1' />
<af id='com.ibm.team.repository.common.serialize.nl1'  v='1.2.2.v201505131348'  p=''  ex='false'  disk='1' />
<af id='com.ibm.team.repository.common.transport.nl1'  v='1.1.2.v201505131348'  p=''  ex='false'  disk='1' />
<af id='com.ibm.team.repository.common.nl2a'  v='1.4.3.v201603161352'  p=''  ex='false'  disk='1' />
<af id='com.ibm.team.repository.common.json.nl2a'  v='1.1.1.v201109280231'  p=''  ex='false'  disk='1' />
<af id='com.ibm.team.repository.common.remoteaccess.nl2a'  v='1.2.102.v201511051901'  p=''  ex='false'  disk='1' />
<af id='com.ibm.team.repository.common.remoteaccess.auth.nl2a'  v='1.3.100.v201410211625'  p=''  ex='false'  disk='1' />
<af id='com.ibm.team.repository.common.serialize.nl2a'  v='1.2.1.v201407291302'  p=''  ex='false'  disk='1' />
<af id='com.ibm.team.repository.common.transport.nl2a'  v='1.1.1.v201109280231'  p=''  ex='false'  disk='1' />
<af id='com.ibm.team.equinox.weaving.filtered.caching.j9'  v='1.1.2000.v20160321_1859'  p=''  ex='false'  disk='1' />
</cset>
</cset>
</cset>
<cset id='net.oauth' >
<cset v='0.*' >
<cset p='*' >
<af id='net.oauth'  v='0.2.3000.v20160321_1859'  p=''  ex='false'  disk='1' />
</cset>
</cset>
</cset>
<cset id='org.apache.http*' >
<cset v='4.*' >
<cset p='*' >
<af id='org.apache.http'  v='4.4.1.v20160321_1859'  p=''  ex='false'  disk='1' />
<af id='org.apache.http.client'  v='4.5.0.v20160321_1859'  p=''  ex='false'  disk='1' />
</cset>
</cset>
</cset>
<cset id='org.apache.james*' >
<cset v='0.*' >
<cset p='*' >
<af id='org.apache.james.mime4j'  v='0.6.0.v20120423'  p=''  ex='false'  disk='1' />
</cset>
</cset>
</cset>
<cset id='org.aspectj.runtime*' >
<cset v='1.*' >
<cset p='*' >
<af id='org.aspectj.runtime'  v='1.7.2.20130214224500'  p=''  ex='false'  disk='1' />
</cset>
</cset>
</cset>
<cset id='org.aspectj.weaver*' >
<cset v='1.*' >
<cset p='*' >
<af id='org.aspectj.weaver'  v='1.7.2.20130214224500'  p=''  ex='false'  disk='1' />
</cset>
</cset>
</cset>
<cset id='org.eclipse.equinox*' >
<cset v='1.*' >
<cset p='*' >
<af id='org.eclipse.equinox.weaving.aspectj'  v='1.0.200.I20130127-2000'  p=''  ex='false'  disk='1' />
<af id='org.eclipse.equinox.weaving.caching'  v='1.0.200.I20130127-2000'  p=''  ex='false'  disk='1' />
<af id='org.eclipse.equinox.weaving.hook'  v='1.0.200.I20130127-2000'  p=''  ex='false'  disk='1' />
</cset>
</cset>
</cset>
</cset>
<cset q='feature' >
<cset id='com.ibm.xtools*' >
<cset v='6.*' >
<cset p='*' >
<af id='com.ibm.xtools.kenton.common.feature'  v='6.0.100.v20160308_0222'  p=''  ex='false'  disk='1' />
<af id='com.ibm.xtools.kenton.client.feature'  v='6.0.100.v20160322_1939'  p=''  ex='false'  disk='1' />
<af id='com.ibm.xtools.rmpc.ui.feature'  v='6.0.0.v20160627_1553'  p=''  ex='false'  disk='1' />
<af id='com.ibm.xtools.rmpc.rsa.ui.feature'  v='6.0.100.v20160715_1339'  p=''  ex='false'  disk='1' />
<af id='com.ibm.xtools.rmpx.common.communicator.feature'  v='6.0.100.v20160305_0046'  p=''  ex='false'  disk='1' />
<af id='com.ibm.xtools.kenton.client.feature.nls2'  v='6.0.0.v201505071310'  p=''  ex='false'  disk='1' />
<af id='com.ibm.xtools.rmpc.ui.feature.nls2'  v='6.0.2.v201602181611'  p=''  ex='false'  disk='1' />
<af id='com.ibm.xtools.rmpc.ui.feature.nls1'  v='6.0.2.v201602251353'  p=''  ex='false'  disk='1' />
<af id='com.ibm.xtools.rmpc.rsa.ui.feature.nls2'  v='6.0.2.v201602181611'  p=''  ex='false'  disk='1' />
<af id='com.ibm.xtools.rmpc.rsa.ui.feature.nls1'  v='6.0.2.v201602251352'  p=''  ex='false'  disk='1' />
</cset>
</cset>
<cset v='5.*' >
<cset p='*' >
<af id='com.ibm.xtools.kenton.common.emf.feature'  v='5.0.200.v20160216_1819'  p=''  ex='false'  disk='1' />
<af id='com.ibm.xtools.bpmn2.common.feature'  v='5.0.0.v20151114_0444'  p=''  ex='false'  disk='1' />
<af id='com.ibm.xtools.uml.common.feature'  v='5.0.0.v20160115_1918'  p=''  ex='false'  disk='1' />
<af id='com.ibm.xtools.rsa.common.feature'  v='5.0.200.v20151114_0444'  p=''  ex='false'  disk='1' />
<af id='com.ibm.xtools.kenton.common.feature.nls2'  v='5.0.0.v201404250852'  p=''  ex='false'  disk='1' />
<af id='com.ibm.xtools.kenton.common.feature.nls1'  v='5.0.0.v201404250850'  p=''  ex='false'  disk='1' />
<af id='com.ibm.xtools.kenton.common.emf.feature.nls1'  v='5.0.0.v201404250850'  p=''  ex='false'  disk='1' />
<af id='com.ibm.xtools.kenton.common.emf.feature.nls2'  v='5.0.0.v201404250852'  p=''  ex='false'  disk='1' />
<af id='com.ibm.xtools.bpmn2.common.feature.nls1'  v='5.0.0.v201404250854'  p=''  ex='false'  disk='1' />
<af id='com.ibm.xtools.bpmn2.common.feature.nls2'  v='5.0.0.v201404250855'  p=''  ex='false'  disk='1' />
<af id='com.ibm.xtools.uml.common.feature.nls1'  v='5.0.0.v201404250855'  p=''  ex='false'  disk='1' />
<af id='com.ibm.xtools.uml.common.feature.nls2'  v='5.0.0.v201404250855'  p=''  ex='false'  disk='1' />
<af id='com.ibm.xtools.rsa.common.feature.nls1'  v='5.0.0.v201404250855'  p=''  ex='false'  disk='1' />
<af id='com.ibm.xtools.rsa.common.feature.nls2'  v='5.0.0.v201404250855'  p=''  ex='false'  disk='1' />
</cset>
</cset>
<cset v='4.*' >
<cset p='*' >
<af id='com.ibm.xtools.kenton.client.feature.nls1'  v='4.0.0.v201505071307'  p=''  ex='false'  disk='1' />
</cset>
</cset>
</cset>
<cset id='com.ibm.rcam*' >
<cset v='1.*' >
<cset p='*' >
<af id='com.ibm.rcam.collab.client.cshelp.feature'  v='1.0.0.v20111130_2109'  p=''  ex='false'  disk='1' />
<af id='com.ibm.rcam.collab.client.cshelp.feature.nl2'  v='1.0.0.v20111130_2109'  p=''  ex='false'  disk='1' />
<af id='com.ibm.rcam.collab.client.cshelp.feature.nl1'  v='1.0.0.v20111130_2109'  p=''  ex='false'  disk='1' />
</cset>
</cset>
</cset>
<cset id='com.ibm.rational*' >
<cset v='3.*' >
<cset p='*' >
<af id='com.ibm.rational.rcam.welcome.doc.feature'  v='3.0.1.v20120703_0757'  p=''  ex='false'  disk='1' />
<af id='com.ibm.rational.rcam.welcome.doc.feature.nl1'  v='3.0.0.v20120808_1627'  p=''  ex='false'  disk='1' />
<af id='com.ibm.rational.rcam.welcome.doc.feature.nl2'  v='3.0.0.v20120821_1110'  p=''  ex='false'  disk='1' />
</cset>
</cset>
</cset>
<cset id='com.ibm.ccl*' >
<cset v='5.*' >
<cset p='*' >
<af id='com.ibm.ccl.soa.deploy.common.feature'  v='5.0.0.v20151114_0444'  p=''  ex='false'  disk='1' />
<af id='com.ibm.ccl.soa.sketcher.common.feature'  v='5.0.0.v20151114_0444'  p=''  ex='false'  disk='1' />
<af id='com.ibm.ccl.soa.deploy.common.feature.nls1'  v='5.0.0.v201404250854'  p=''  ex='false'  disk='1' />
<af id='com.ibm.ccl.soa.deploy.common.feature.nls2'  v='5.0.0.v201404250855'  p=''  ex='false'  disk='1' />
<af id='com.ibm.ccl.soa.sketcher.common.feature.nls2'  v='5.0.0.v201404250855'  p=''  ex='false'  disk='1' />
<af id='com.ibm.ccl.soa.sketcher.common.feature.nls1'  v='5.0.0.v201404250854'  p=''  ex='false'  disk='1' />
</cset>
</cset>
</cset>
<cset id='com.ibm.team*' >
<cset v='1.*' >
<cset p='*' >
<af id='com.ibm.team.repository.client.jfs.feature'  v='1.1.3000.v20160503_1558'  p=''  ex='false'  disk='1' />
<af id='com.ibm.team.repository.common.jfs.feature'  v='1.1.3000.v20160503_1558'  p=''  ex='false'  disk='1' />
<af id='com.ibm.team.repository.client.jfs.feature.nls2a'  v='1.1.3.v201511051901'  p=''  ex='false'  disk='1' />
<af id='com.ibm.team.repository.client.jfs.feature.nls2'  v='1.1.3.v201511051858'  p=''  ex='false'  disk='1' />
<af id='com.ibm.team.repository.client.jfs.feature.nls1'  v='1.1.3.v201511051900'  p=''  ex='false'  disk='1' />
<af id='com.ibm.team.repository.common.jfs.feature.nls2'  v='1.4.3.v201603161348'  p=''  ex='false'  disk='1' />
<af id='com.ibm.team.repository.common.jfs.feature.nls1'  v='1.4.3.v201603161350'  p=''  ex='false'  disk='1' />
<af id='com.ibm.team.repository.common.jfs.feature.nls2a'  v='1.4.3.v201603161352'  p=''  ex='false'  disk='1' />
<af id='com.ibm.team.server.weaver.feature'  v='1.0.2000.v20160321_1859'  p=''  ex='false'  disk='1' />
</cset>
</cset>
</cset>
<cset id='net.oauth.jfs*' >
<cset v='1.*' >
<cset p='*' >
<af id='net.oauth.jfs.feature'  v='1.0.4000.v20160321_1859'  p=''  ex='false'  disk='1' />
</cset>
</cset>
</cset>
<cset id='org.apache.commons*' >
<cset v='1.*' >
<cset p='*' >
<af id='org.apache.commons.httpclient.jfs.feature'  v='1.0.1100.v20160321_1859'  p=''  ex='false'  disk='1' />
</cset>
</cset>
</cset>
<cset id='org.apache.http*' >
<cset v='1.*' >
<cset p='*' >
<af id='org.apache.http.jfs.feature'  v='1.0.2000.v20160321_1859'  p=''  ex='false'  disk='1' />
</cset>
</cset>
</cset>
<cset id='org.aspectj.feature*' >
<cset v='1.*' >
<cset p='*' >
<af id='org.aspectj.feature'  v='1.7.2.20130214224500'  p=''  ex='false'  disk='1' />
</cset>
</cset>
</cset>
</cset>
</cset>
<cset n='native' >
<cset q='zip' >
<cset id='com.ibm.team*' >
<cset v='6.*' >
<cset p='*' >
<af id='com.ibm.team.license.content.HTML.RSADM.app'  v='6.0.2000.JOB-I20160322-1711-r602-'  p=''  ex='false'  disk='1' />
</cset>
</cset>
</cset>
</cset>
</cset></atoc>