<?xml version="1.0" encoding="UTF-8"?>
<?atoc version='0.0.1'?>
<cset q="plugin" >
<summary  count="182"  totalSize="39547374" >
<digs da="MD5"  count="173" />
<digs da="MD5"  count="6" />
</summary>
<cset id="com.ibm.rsa*" >
<summary  count="3"  totalSize="697799" >
<digs da="MD5"  count="3" />
</summary>
<cset v="6.*" >
<summary  count="1"  totalSize="392086" >
<digs da="MD5"  count="1" />
</summary>
<cset p="*" >
<summary  count="1"  totalSize="392086" >
<digs da="MD5"  count="1" />
</summary>
<af id="com.ibm.rsa.dm.client.install.license.panel"  v="6.0.0.v20160708_2123"  p=""  ex="false"  sz="392086" >
<dig da="MD5"  dv="b4649e936e08299f8f2c7bd2f11832ba" />

</af>
</cset>
</cset>
<cset v="4.*" >
<summary  count="1"  totalSize="300703" >
<digs da="MD5"  count="1" />
</summary>
<cset p="*" >
<summary  count="1"  totalSize="300703" >
<digs da="MD5"  count="1" />
</summary>
<af id="com.ibm.rsa.dm.client.install.moreinfo"  v="4.0.0.201404282334"  p=""  ex="false"  sz="300703" >
<dig da="MD5"  dv="21af08dab5879ae6941afa1fcca9f9e5" />

</af>
</cset>
</cset>
<cset v="1.*" >
<summary  count="1"  totalSize="5010" >
<digs da="MD5"  count="1" />
</summary>
<cset p="*" >
<summary  count="1"  totalSize="5010" >
<digs da="MD5"  count="1" />
</summary>
<af id="com.ibm.rsa.dm.client.extension.version.check"  v="1.0.0.201602172000"  p=""  ex="false"  sz="5010" >
<dig da="MD5"  dv="062ccb15fdebc9f3dc03e87ef45b4d11" />

</af>
</cset>
</cset>
</cset>
<cset id="com.ibm.xtools*" >
<summary  count="104"  totalSize="9393971" >
<digs da="MD5"  count="104" />
</summary>
<cset v="6.*" >
<summary  count="64"  totalSize="9050388" >
<digs da="MD5"  count="64" />
</summary>
<cset p="*" >
<summary  count="64"  totalSize="9050388" >
<digs da="MD5"  count="64" />
</summary>
<af id="com.ibm.xtools.rmpx.comment"  v="6.0.0.v20151113_2012"  p=""  ex="false"  sz="22643" >
<dig da="MD5"  dv="6a78ec278358a5de39e1492cd0822c31" />

</af>
<af id="com.ibm.xtools.rmpx.common"  v="6.0.200.v20160305_0046"  p=""  ex="false"  sz="286053" >
<dig da="MD5"  dv="20c4f9e7d634ff8fcaf8810cc45433bf" />

</af>
<af id="com.ibm.xtools.rmpx.link"  v="6.0.0.v20151113_2012"  p=""  ex="false"  sz="23099" >
<dig da="MD5"  dv="a7ff91d16361a9220afc9cd0e30ba492" />

</af>
<af id="com.ibm.xtools.rmpx.oauth"  v="6.0.200.v20160305_0046"  p=""  ex="false"  sz="59205" >
<dig da="MD5"  dv="ffab4be38eb22fefe08553af21877520" />

</af>
<af id="com.ibm.xtools.rmpx.subscriptions"  v="6.0.0.v20151113_2012"  p=""  ex="false"  sz="7663" >
<dig da="MD5"  dv="c5694a19c6f519e5b8b117d757f8876b" />

</af>
<af id="com.ibm.xtools.rmpx.validation"  v="6.0.0.v20151113_2012"  p=""  ex="false"  sz="6339" >
<dig da="MD5"  dv="b06bef9ad8751e6ff14c948cb4e4b877" />

</af>
<af id="com.ibm.xtools.rmpx.streams"  v="6.0.0.v20151113_2012"  p=""  ex="false"  sz="15988" >
<dig da="MD5"  dv="d42116867951a6ed7a5985582d64a2b9" />

</af>
<af id="com.ibm.xtools.rmpx.dmcore"  v="6.0.100.v20160209_0132"  p=""  ex="false"  sz="177885" >
<dig da="MD5"  dv="12b046b07592c427debaf0c66633c146" />

</af>
<af id="com.ibm.xtools.rmpx.sparqlRDF"  v="6.0.0.v20151113_2012"  p=""  ex="false"  sz="2717961" >
<dig da="MD5"  dv="f8cae0ace03d2ee231ffbfa7f720da73" />

</af>
<af id="com.ibm.xtools.rmpc.changesets"  v="6.0.200.v20160309_1805"  p=""  ex="false"  sz="44625" >
<dig da="MD5"  dv="fa224cc7cf16bd4ea81ab1537fe9a2e8" />

</af>
<af id="com.ibm.xtools.rmpc.diagrams"  v="6.0.100.v20151113_2012"  p=""  ex="false"  sz="12229" >
<dig da="MD5"  dv="c2f35859765f115466c5124c2fa2c4c5" />

</af>
<af id="com.ibm.xtools.rmpc.groups"  v="6.0.100.v20151113_2012"  p=""  ex="false"  sz="31062" >
<dig da="MD5"  dv="3922befa9612eb870e711d9b00fe5fce" />

</af>
<af id="com.ibm.xtools.rmpc.importer"  v="6.0.200.v20160212_1819"  p=""  ex="false"  sz="56394" >
<dig da="MD5"  dv="d53f0ac2606cd6b52b2fa273e7d9da15" />

</af>
<af id="com.ibm.xtools.rmpc.info"  v="6.0.100.v20151208_1238"  p=""  ex="false"  sz="11622" >
<dig da="MD5"  dv="01c377a344b36225384f856a00184928" />

</af>
<af id="com.ibm.xtools.rmpc.search"  v="6.0.100.v20160210_1829"  p=""  ex="false"  sz="14409" >
<dig da="MD5"  dv="c80ca939a7a34b58efd2b35fb2a88f25" />

</af>
<af id="com.ibm.xtools.rmpc.importhook"  v="6.0.100.v20160322_1939"  p=""  ex="false"  sz="60021" >
<dig da="MD5"  dv="e45e0a4486da19838910e4cdc34ab946" />

</af>
<af id="com.ibm.xtools.rmpc.subscriptions"  v="6.0.100.v20151113_2012"  p=""  ex="false"  sz="6437" >
<dig da="MD5"  dv="df7c90d2178caef5608f6785a4c8fe51" />

</af>
<af id="com.ibm.xtools.rmpc.review"  v="6.0.100.v20151113_2012"  p=""  ex="false"  sz="29048" >
<dig da="MD5"  dv="a46b6c4151c9c10a873c4e20018c411e" />

</af>
<af id="com.ibm.xtools.rmpc.bulk"  v="6.0.0.v20151113_2012"  p=""  ex="false"  sz="15637" >
<dig da="MD5"  dv="5041d8bb213600e194e1cc05b6bd4256" />

</af>
<af id="com.ibm.xtools.rmpc.compatibility"  v="6.0.100.v20160210_1829"  p=""  ex="false"  sz="8004" >
<dig da="MD5"  dv="b79008af5dbb88cced91ff1cafe28373" />

</af>
<af id="com.ibm.xtools.rmpc.core"  v="6.0.200.v20160627_1553"  p=""  ex="false"  sz="652333" >
<dig da="MD5"  dv="7e68e615116bce7bfdb6259998719483" />

</af>
<af id="com.ibm.xtools.rmpc.ui"  v="6.0.200.v20160627_1553"  p=""  ex="false"  sz="1386307" >
<dig da="MD5"  dv="66499e296976e63d4368030f2697d020" />

</af>
<af id="com.ibm.xtools.rmpc.ui.clm"  v="6.0.100.v20151114_0444"  p=""  ex="false"  sz="123863" >
<dig da="MD5"  dv="46ef0b6c73df6e628943ad6957f48fe9" />

</af>
<af id="com.ibm.xtools.rmpc.ui.comment"  v="6.0.200.v20160309_0450"  p=""  ex="false"  sz="218126" >
<dig da="MD5"  dv="5b352c5b2abdb58e65b961f1a4f3632a" />

</af>
<af id="com.ibm.xtools.rmpc.ui.comment.diagram"  v="6.0.200.v20160217_2039"  p=""  ex="false"  sz="203595" >
<dig da="MD5"  dv="1c16928f53a0dcd45893e45274248d4e" />

</af>
<af id="com.ibm.xtools.rmpc.ui.reporting"  v="6.0.100.v20151114_0444"  p=""  ex="false"  sz="22153" >
<dig da="MD5"  dv="90deea6c234659484c1b0c9846196b1f" />

</af>
<af id="com.ibm.xtools.rmpc.rsa.ui"  v="6.0.200.v20160715_1339"  p=""  ex="false"  sz="456257" >
<dig da="MD5"  dv="bd9113a9df31ee947fb009e19c720ac9" />

</af>
<af id="com.ibm.xtools.modeler.rmpc.ui"  v="6.0.200.v20160715_1339"  p=""  ex="false"  sz="162259" >
<dig da="MD5"  dv="91b99679ee76d391999896218463aede" />

</af>
<af id="com.ibm.xtools.rmpc.rsa.ui.clm"  v="6.0.200.v20160216_2037"  p=""  ex="false"  sz="251715" >
<dig da="MD5"  dv="091d6f22a4dcc87fcd67912c4849899e" />

</af>
<af id="com.ibm.xtools.rmpc.rsa.ui.search"  v="6.0.0.v20151114_0444"  p=""  ex="false"  sz="111984" >
<dig da="MD5"  dv="bc7a10b604369998d672b0c2cde57103" />

</af>
<af id="com.ibm.xtools.rmpc.rsa.ui.ram"  v="6.0.0.v20151114_0444"  p=""  ex="false"  sz="16241" >
<dig da="MD5"  dv="89dd473f8533755396c0fbf187515b3c" />

</af>
<af id="com.ibm.xtools.rmpc.rsa.ui.reporting"  v="6.0.0.v20151114_0444"  p=""  ex="true"  sz="395756" >
<dig da="MD5"  dv="fa4d2f20c55856153e6c90ccb0c74296" />

</af>
<af id="com.ibm.xtools.rmpc.rsa.ui.transform"  v="6.0.0.v20151114_0444"  p=""  ex="false"  sz="10965" >
<dig da="MD5"  dv="7dc51763568173c2fd13b922acb1eecb" />

</af>
<af id="com.ibm.xtools.bpmn2.rmpc.ui"  v="6.0.0.v20151114_0444"  p=""  ex="false"  sz="34117" >
<dig da="MD5"  dv="cd8e9916cbfb561c3686ce207f31d82f" />

</af>
<af id="com.ibm.xtools.rmpc.rsa.ui.rtc"  v="6.0.200.v20160627_1553"  p=""  ex="false"  sz="34976" >
<dig da="MD5"  dv="cc81c461834cb0509b4a93d9ca87721b" />

</af>
<af id="com.ibm.xtools.rmpc.rsa.transform"  v="6.0.0.v20151114_0444"  p=""  ex="true"  sz="9409" >
<dig da="MD5"  dv="e2295470da5ac0cf7a6a7e864a4e61f7" />

</af>
<af id="com.ibm.xtools.rmpx.common.emf"  v="6.0.200.v20160216_1819"  p=""  ex="false"  sz="174174" >
<dig da="MD5"  dv="3209b6cfdc175c978841d5965d36849d" />

</af>
<af id="com.ibm.xtools.rmpx.common.emf.sdk"  v="6.0.0.v20151113_2012"  p=""  ex="false"  sz="13414" >
<dig da="MD5"  dv="eb214127107d4033998848a43ee95913" />

</af>
<af id="com.ibm.xtools.bpmn2.rmpx.common"  v="6.0.0.v20151114_0444"  p=""  ex="false"  sz="18051" >
<dig da="MD5"  dv="cfb94560a6d8b6303b4dadb7ddb6ea00" />

</af>
<af id="com.ibm.xtools.uml.rmpx.common"  v="6.0.100.v20160115_1918"  p=""  ex="false"  sz="60688" >
<dig da="MD5"  dv="8b2255d79a2a01482d39b3a9c6021a84" />

</af>
<af id="com.ibm.xtools.rsa.rmpx.common"  v="6.0.100.v20151114_0444"  p=""  ex="false"  sz="37150" >
<dig da="MD5"  dv="ad547ad5a0feee4078ff246d10128a85" />

</af>
<af id="com.ibm.xtools.rmpx.common.communicator"  v="6.0.200.v20160224_1825"  p=""  ex="false"  sz="11214" >
<dig da="MD5"  dv="9ce69554c55e2b8610c223ea700765f5" />

</af>
<af id="com.ibm.xtools.rmpc.importer.nl1"  v="6.0.0.v201505071307"  p=""  ex="false"  sz="22886" >
<dig da="MD5"  dv="0aa7b8ee98a7761c121865250b051864" />

</af>
<af id="com.ibm.xtools.rmpc.importer.nl2"  v="6.0.0.v201505071310"  p=""  ex="false"  sz="7014" >
<dig da="MD5"  dv="a4dd719727d053ca25890ab86e1fbcb8" />

</af>
<af id="com.ibm.xtools.rmpc.core.nl2"  v="6.0.1.v201602181611"  p=""  ex="false"  sz="18243" >
<dig da="MD5"  dv="49439ed08630fd755bd97a025f6722d3" />

</af>
<af id="com.ibm.xtools.rmpc.ui.nl2"  v="6.0.1.v201511021043"  p=""  ex="false"  sz="36640" >
<dig da="MD5"  dv="ce4102cb1f184073192e9b7e88a55825" />

</af>
<af id="com.ibm.xtools.rmpc.ui.clm.nl2"  v="6.0.1.v201511021043"  p=""  ex="false"  sz="6964" >
<dig da="MD5"  dv="28af00a68fc1350dc5da24df90afce56" />

</af>
<af id="com.ibm.xtools.rmpc.ui.comment.nl2"  v="6.0.0.v201505071313"  p=""  ex="false"  sz="10400" >
<dig da="MD5"  dv="183f7cc276bd3b985b248771d4d0be18" />

</af>
<af id="com.ibm.xtools.rmpc.core.nl1"  v="6.0.1.v201602251353"  p=""  ex="false"  sz="72304" >
<dig da="MD5"  dv="470de1a2d6dbea001debd2d1101fe0f1" />

</af>
<af id="com.ibm.xtools.rmpc.ui.nl1"  v="6.0.2.v201602251353"  p=""  ex="false"  sz="147293" >
<dig da="MD5"  dv="dbabc9c2fd0607221951ba6d4e3a6630" />

</af>
<af id="com.ibm.xtools.rmpc.ui.clm.nl1"  v="6.0.1.v201511021042"  p=""  ex="false"  sz="21659" >
<dig da="MD5"  dv="95eceb03104edd1b2dc1055fc2676913" />

</af>
<af id="com.ibm.xtools.rmpc.ui.comment.nl1"  v="6.0.0.v201505071312"  p=""  ex="false"  sz="36794" >
<dig da="MD5"  dv="c54e2c7d55e1a9c11dcbdbb102c643b2" />

</af>
<af id="com.ibm.xtools.bpmn2.rmpc.ui.nl2"  v="6.0.0.v201505071313"  p=""  ex="false"  sz="6516" >
<dig da="MD5"  dv="411a7ab6c210efb9cd70f764ebed7639" />

</af>
<af id="com.ibm.xtools.modeler.rmpc.ui.nl2"  v="6.0.0.v201505071313"  p=""  ex="false"  sz="9311" >
<dig da="MD5"  dv="1c04f6ac37f6679e5f9d8d9cbb5a764e" />

</af>
<af id="com.ibm.xtools.rmpc.rsa.ui.nl2"  v="6.0.2.v201602181610"  p=""  ex="false"  sz="32315" >
<dig da="MD5"  dv="c9d376fea3c3990164448894b554760b" />

</af>
<af id="com.ibm.xtools.rmpc.rsa.ui.clm.nl2"  v="6.0.1.v201511021042"  p=""  ex="false"  sz="11133" >
<dig da="MD5"  dv="00baf2e7c9d66732864107a194efe381" />

</af>
<af id="com.ibm.xtools.rmpc.rsa.ui.reporting.nl2"  v="6.0.0.v201505071313"  p=""  ex="false"  sz="62961" >
<dig da="MD5"  dv="68875c7a86470beae1436cc8559d7adc" />

</af>
<af id="com.ibm.xtools.rmpc.rsa.ui.rtc.nl2"  v="6.0.0.v201505071313"  p=""  ex="false"  sz="5342" >
<dig da="MD5"  dv="cad3a85b524c791f96a9c51ba15394b9" />

</af>
<af id="com.ibm.xtools.bpmn2.rmpc.ui.nl1"  v="6.0.0.v201505071312"  p=""  ex="false"  sz="19738" >
<dig da="MD5"  dv="1972844a9363a3205ef3723ae43fbe9d" />

</af>
<af id="com.ibm.xtools.modeler.rmpc.ui.nl1"  v="6.0.0.v201505071312"  p=""  ex="false"  sz="32015" >
<dig da="MD5"  dv="25a62a9dbf550ab2e25ea4d2822d1483" />

</af>
<af id="com.ibm.xtools.rmpc.rsa.ui.nl1"  v="6.0.2.v201602251352"  p=""  ex="false"  sz="129211" >
<dig da="MD5"  dv="4c83f2758817804ca6837a347786607e" />

</af>
<af id="com.ibm.xtools.rmpc.rsa.ui.clm.nl1"  v="6.0.1.v201511021042"  p=""  ex="false"  sz="38729" >
<dig da="MD5"  dv="34f5920703525d8ed9f0f32c30cdc4dc" />

</af>
<af id="com.ibm.xtools.rmpc.rsa.ui.reporting.nl1"  v="6.0.0.v201505071312"  p=""  ex="false"  sz="298944" >
<dig da="MD5"  dv="07e7c6626b82cbca48e44e6cb599b1b0" />

</af>
<af id="com.ibm.xtools.rmpc.rsa.ui.rtc.nl1"  v="6.0.0.v201505071312"  p=""  ex="false"  sz="12905" >
<dig da="MD5"  dv="e089a665db93bf36544aa1b2e90b7b24" />

</af>
</cset>
</cset>
<cset v="4.*" >
<summary  count="8"  totalSize="56930" >
<digs da="MD5"  count="8" />
</summary>
<cset p="*" >
<summary  count="8"  totalSize="56930" >
<digs da="MD5"  count="8" />
</summary>
<af id="com.ibm.xtools.rmpx.comment.nl2"  v="4.0.100.v201305211811"  p=""  ex="false"  sz="5160" >
<dig da="MD5"  dv="0d4abf2b91c6235791e54d9cc66184ea" />

</af>
<af id="com.ibm.xtools.rmpx.link.nl2"  v="4.0.300.v201305211811"  p=""  ex="false"  sz="5116" >
<dig da="MD5"  dv="4473a391a69c2bd6209f255e2239c1e9" />

</af>
<af id="com.ibm.xtools.rmpx.subscriptions.nl2"  v="4.0.0.v201305211811"  p=""  ex="false"  sz="1786" >
<dig da="MD5"  dv="1725de5a0e281d747a89a0df069f883f" />

</af>
<af id="com.ibm.xtools.rmpx.validation.nl2"  v="4.0.0.v201305211811"  p=""  ex="false"  sz="1825" >
<dig da="MD5"  dv="e712f74fdc0df6026f36fc026a6e004b" />

</af>
<af id="com.ibm.xtools.rmpx.comment.nl1"  v="4.0.100.v201305211811"  p=""  ex="false"  sz="15463" >
<dig da="MD5"  dv="9dd370207270926581f62bfc800fe110" />

</af>
<af id="com.ibm.xtools.rmpx.link.nl1"  v="4.0.300.v201305211811"  p=""  ex="false"  sz="15691" >
<dig da="MD5"  dv="517f834bd75908f2de452d1b5f330293" />

</af>
<af id="com.ibm.xtools.rmpx.subscriptions.nl1"  v="4.0.0.v201305211811"  p=""  ex="false"  sz="5793" >
<dig da="MD5"  dv="bf041900d3ef4a1052a1dfd1f4ce27a0" />

</af>
<af id="com.ibm.xtools.rmpx.validation.nl1"  v="4.0.0.v201305211811"  p=""  ex="false"  sz="6096" >
<dig da="MD5"  dv="c69eca86eb563f0a064913eb9cef58df" />

</af>
</cset>
</cset>
<cset v="5.*" >
<summary  count="32"  totalSize="286653" >
<digs da="MD5"  count="32" />
</summary>
<cset p="*" >
<summary  count="32"  totalSize="286653" >
<digs da="MD5"  count="32" />
</summary>
<af id="com.ibm.xtools.rmpx.dmcore.nl2"  v="5.0.0.v201404250849"  p=""  ex="false"  sz="4253" >
<dig da="MD5"  dv="d26caf50c85583f29aa74cbeea036d5e" />

</af>
<af id="com.ibm.xtools.rmpx.dmcore.nl1"  v="5.0.0.v201404250849"  p=""  ex="false"  sz="11258" >
<dig da="MD5"  dv="0270cd00a07f6647277c687e6e9459ed" />

</af>
<af id="com.ibm.xtools.rmpc.diagrams.nl1"  v="5.0.0.v201404250849"  p=""  ex="false"  sz="5737" >
<dig da="MD5"  dv="90e458ac8b8fad496e82f7b7428dab53" />

</af>
<af id="com.ibm.xtools.rmpc.groups.nl1"  v="5.0.0.v201404250849"  p=""  ex="false"  sz="5730" >
<dig da="MD5"  dv="64bdb8dfff5e2d19f168411e39da3f8c" />

</af>
<af id="com.ibm.xtools.rmpc.info.nl1"  v="5.0.0.v201404250849"  p=""  ex="false"  sz="5804" >
<dig da="MD5"  dv="47c584383102a28e5a38bf72e7a3e920" />

</af>
<af id="com.ibm.xtools.rmpc.review.nl1"  v="5.0.0.v201404250849"  p=""  ex="false"  sz="6091" >
<dig da="MD5"  dv="17c38e486b9f7360df178b2bc8e646fc" />

</af>
<af id="com.ibm.xtools.rmpc.search.nl1"  v="5.0.0.v201404250849"  p=""  ex="false"  sz="6021" >
<dig da="MD5"  dv="09d718474526de2c0cd3cced9225eae8" />

</af>
<af id="com.ibm.xtools.rmpc.subscriptions.nl1"  v="5.0.0.v201404250850"  p=""  ex="false"  sz="5999" >
<dig da="MD5"  dv="ccd397bbe161d0ec945c3f908a1a398f" />

</af>
<af id="com.ibm.xtools.rmpc.diagrams.nl2"  v="5.0.0.v201404250849"  p=""  ex="false"  sz="1741" >
<dig da="MD5"  dv="9c7ca2664bb75bb3ce7d3927bd4053ff" />

</af>
<af id="com.ibm.xtools.rmpc.groups.nl2"  v="5.0.0.v201404250849"  p=""  ex="false"  sz="1736" >
<dig da="MD5"  dv="4f95b4468f4076a366abbff242611543" />

</af>
<af id="com.ibm.xtools.rmpc.info.nl2"  v="5.0.0.v201404250849"  p=""  ex="false"  sz="1767" >
<dig da="MD5"  dv="85156980590568475cfbea98e9b18102" />

</af>
<af id="com.ibm.xtools.rmpc.review.nl2"  v="5.0.0.v201404250849"  p=""  ex="false"  sz="1823" >
<dig da="MD5"  dv="086dea95be9452a0489f23adc939792f" />

</af>
<af id="com.ibm.xtools.rmpc.search.nl2"  v="5.0.0.v201404250849"  p=""  ex="false"  sz="1800" >
<dig da="MD5"  dv="16b2496bb7395dec3442400ff402f4c0" />

</af>
<af id="com.ibm.xtools.rmpc.subscriptions.nl2"  v="5.0.0.v201404250850"  p=""  ex="false"  sz="1792" >
<dig da="MD5"  dv="1ca15b876dda698cb28cc27b1f309991" />

</af>
<af id="com.ibm.xtools.rmpc.ui.comment.diagram.nl2"  v="5.0.0.v201404250855"  p=""  ex="false"  sz="7696" >
<dig da="MD5"  dv="ca87e0b23358c25ac2b06fc35f06ee23" />

</af>
<af id="com.ibm.xtools.rmpc.ui.reporting.nl2"  v="5.0.0.v201404250855"  p=""  ex="false"  sz="10025" >
<dig da="MD5"  dv="9bbbb685c536207a8b9ba60efcb9e4a8" />

</af>
<af id="com.ibm.xtools.rmpc.ui.comment.diagram.nl1"  v="5.0.0.v201404250855"  p=""  ex="false"  sz="23131" >
<dig da="MD5"  dv="be044947fd76fc510d4d083b3fddf780" />

</af>
<af id="com.ibm.xtools.rmpc.ui.reporting.nl1"  v="5.0.0.v201404250855"  p=""  ex="false"  sz="35729" >
<dig da="MD5"  dv="7c4560d2b88ae810a8739afc9d553556" />

</af>
<af id="com.ibm.xtools.rmpc.rsa.ui.ram.nl2"  v="5.0.0.v201404250855"  p=""  ex="false"  sz="6285" >
<dig da="MD5"  dv="236fbfe7b4306be88bdb494d4d2c1346" />

</af>
<af id="com.ibm.xtools.rmpc.rsa.ui.search.nl2"  v="5.0.0.v201404250855"  p=""  ex="false"  sz="9609" >
<dig da="MD5"  dv="c5005b010fe4862d0312a04f35dfda37" />

</af>
<af id="com.ibm.xtools.rmpc.rsa.ui.transform.nl2"  v="5.0.0.v201404250855"  p=""  ex="false"  sz="5946" >
<dig da="MD5"  dv="1d5344a7a4e3dd7a0f0b2ebe837b5058" />

</af>
<af id="com.ibm.xtools.rmpc.rsa.ui.ram.nl1"  v="5.0.0.v201404250855"  p=""  ex="false"  sz="17671" >
<dig da="MD5"  dv="5d680f02ffa5af4d5fddde65cdc594fd" />

</af>
<af id="com.ibm.xtools.rmpc.rsa.ui.search.nl1"  v="5.0.0.v201404250855"  p=""  ex="false"  sz="32423" >
<dig da="MD5"  dv="2dd425fddaa5ed56926e5d8fa07903ac" />

</af>
<af id="com.ibm.xtools.rmpc.rsa.ui.transform.nl1"  v="5.0.0.v201404250855"  p=""  ex="false"  sz="16063" >
<dig da="MD5"  dv="6d05e79ad6b682598d6f4fe918745a18" />

</af>
<af id="com.ibm.xtools.rmpx.common.emf.nl1"  v="5.0.0.v201404250849"  p=""  ex="false"  sz="27687" >
<dig da="MD5"  dv="a24b36416e8a5e4bbcb6f6b70542edbb" />

</af>
<af id="com.ibm.xtools.rmpx.common.emf.nl2"  v="5.0.0.v201404250849"  p=""  ex="false"  sz="8210" >
<dig da="MD5"  dv="490b2e59e1d701fddcc9793072201e96" />

</af>
<af id="com.ibm.xtools.bpmn2.rmpx.common.nl1"  v="5.0.0.v201404250854"  p=""  ex="false"  sz="6362" >
<dig da="MD5"  dv="20545ab3a3e6673090a217ff99aaf31f" />

</af>
<af id="com.ibm.xtools.bpmn2.rmpx.common.nl2"  v="5.0.0.v201404250854"  p=""  ex="false"  sz="1867" >
<dig da="MD5"  dv="13ff220d3a797e9025d5159a89474dd1" />

</af>
<af id="com.ibm.xtools.uml.rmpx.common.nl1"  v="5.0.0.v201404250854"  p=""  ex="false"  sz="6351" >
<dig da="MD5"  dv="b40dc4f5e6fc13e02202d8c81334f8c2" />

</af>
<af id="com.ibm.xtools.uml.rmpx.common.nl2"  v="5.0.0.v201404250855"  p=""  ex="false"  sz="1866" >
<dig da="MD5"  dv="d5f50a62d93a0d7d7e934eb30d0be2cd" />

</af>
<af id="com.ibm.xtools.rsa.rmpx.common.nl1"  v="5.0.0.v201404250854"  p=""  ex="false"  sz="6320" >
<dig da="MD5"  dv="de61f00a66e327a1d16dbf7621174cf0" />

</af>
<af id="com.ibm.xtools.rsa.rmpx.common.nl2"  v="5.0.0.v201404250855"  p=""  ex="false"  sz="1860" >
<dig da="MD5"  dv="dd3199f1f937bcf2b6e47024d27192be" />

</af>
</cset>
</cset>
</cset>
<cset id="org.apache.abdera*" >
<summary  count="1"  totalSize="2178892" >
<digs da="MD5"  count="1" />
</summary>
<cset v="0.*" >
<summary  count="1"  totalSize="2178892" >
<digs da="MD5"  count="1" />
</summary>
<cset p="*" >
<summary  count="1"  totalSize="2178892" >
<digs da="MD5"  count="1" />
</summary>
<af id="org.apache.abdera"  v="0.4.0.v20151113_2012"  p=""  ex="true"  sz="2178892" >
<dig da="MD5"  dv="7e48c47c80d484055d9ccc6b9c6360d2" />

</af>
</cset>
</cset>
</cset>
<cset id="com.hp.hpl*" >
<summary  count="2"  totalSize="5804021" >
<digs da="MD5"  count="2" />
</summary>
<cset v="2.*" >
<summary  count="2"  totalSize="5804021" >
<digs da="MD5"  count="2" />
</summary>
<cset p="*" >
<summary  count="2"  totalSize="5804021" >
<digs da="MD5"  count="2" />
</summary>
<af id="com.hp.hpl.jena.rdf"  v="2.7.2000.v20151015_1353"  p=""  ex="true"  sz="5284703" >
<dig da="MD5"  dv="0e7dcb6c4025cc394c5e23f5fab5ee5f" />

</af>
<af id="com.hp.hpl.jena"  v="2.7.4.v20130320_1901"  p=""  ex="true"  sz="519318" >
<dig da="MD5"  dv="d84e2245a9e3613f227a6fbc277e82f7" />

</af>
</cset>
</cset>
</cset>
<cset id="org.apache.lucene2*" >
<summary  count="1"  totalSize="10586592" >
<digs da="MD5"  count="1" />
</summary>
<cset v="2.*" >
<summary  count="1"  totalSize="10586592" >
<digs da="MD5"  count="1" />
</summary>
<cset p="*" >
<summary  count="1"  totalSize="10586592" >
<digs da="MD5"  count="1" />
</summary>
<af id="org.apache.lucene2"  v="2.4.500.v20151009_1554"  p=""  ex="true"  sz="10586592" >
<dig da="MD5"  dv="fe5e7346d9bc4d4d252b72b92abd0bdb" />

</af>
</cset>
</cset>
</cset>
<cset id="jackson.core.asl*" >
<summary  count="1"  totalSize="752546" >
<digs da="MD5"  count="1" />
</summary>
<cset v="1.*" >
<summary  count="1"  totalSize="752546" >
<digs da="MD5"  count="1" />
</summary>
<cset p="*" >
<summary  count="1"  totalSize="752546" >
<digs da="MD5"  count="1" />
</summary>
<af id="jackson.core.asl"  v="1.5.0.v20151113_2012"  p=""  ex="true"  sz="752546" >
<dig da="MD5"  dv="51faab38f80850acf1c7805871e8708e" />

</af>
</cset>
</cset>
</cset>
<cset id="org.apache.commons*" >
<summary  count="5"  totalSize="723649" >
<digs da="MD5"  count="5" />
</summary>
<cset v="2.*" >
<summary  count="1"  totalSize="222429" >
<digs da="MD5"  count="1" />
</summary>
<cset p="*" >
<summary  count="1"  totalSize="222429" >
<digs da="MD5"  count="1" />
</summary>
<af id="org.apache.commons.lang"  v="2.1.0.v201005080500"  p=""  ex="false"  sz="222429" >
<dig da="MD5"  dv="b1453dc1553eba5ffe775fdfe7367e99" />

</af>
</cset>
</cset>
<cset v="1.*" >
<summary  count="3"  totalSize="179891" >
<digs da="MD5"  count="3" />
</summary>
<cset p="*" >
<summary  count="3"  totalSize="179891" >
<digs da="MD5"  count="3" />
</summary>
<af id="org.apache.commons.fileupload"  v="1.3.1.v20151009_1554"  p=""  ex="true"  sz="60636" >
<dig da="MD5"  dv="b95b057d317dd911fd08bd0e96e8b433" />

</af>
<af id="org.apache.commons.io"  v="1.2.1100.v20160321_1859"  p=""  ex="true"  sz="64252" >
<dig da="MD5"  dv="1d611cfe66dd90323d39101900391abc" />

</af>
<af id="org.apache.commons.codec"  v="1.3.0.v20100518-1140"  p=""  ex="false"  sz="55003" >
<dig da="MD5"  dv="6d0b90743cb0c8217ac9cf2751ddcefb" />

</af>
</cset>
</cset>
<cset v="3.*" >
<summary  count="1"  totalSize="321329" >
<digs da="MD5"  count="1" />
</summary>
<cset p="*" >
<summary  count="1"  totalSize="321329" >
<digs da="MD5"  count="1" />
</summary>
<af id="org.apache.commons.httpclient"  v="3.1.0.v201005080502"  p=""  ex="false"  sz="321329" >
<dig da="MD5"  dv="4bf4a6337ada12733a56746c679adb72" />

</af>
</cset>
</cset>
</cset>
<cset id="org.apache.log4j*" >
<summary  count="1"  totalSize="426230" >
<digs da="MD5"  count="1" />
</summary>
<cset v="1.*" >
<summary  count="1"  totalSize="426230" >
<digs da="MD5"  count="1" />
</summary>
<cset p="*" >
<summary  count="1"  totalSize="426230" >
<digs da="MD5"  count="1" />
</summary>
<af id="org.apache.log4j"  v="1.2.15.v201005080500"  p=""  ex="false"  sz="426230" >
<dig da="MD5"  dv="ed48dc20fa03a9a5ed3ce9f7e7d1bf03" />

</af>
</cset>
</cset>
</cset>
<cset id="com.ibm.ccl*" >
<summary  count="12"  totalSize="200710" >
<digs da="MD5"  count="12" />
</summary>
<cset v="6.*" >
<summary  count="6"  totalSize="158030" >
<digs da="MD5"  count="6" />
</summary>
<cset p="*" >
<summary  count="6"  totalSize="158030" >
<digs da="MD5"  count="6" />
</summary>
<af id="com.ibm.ccl.soa.deploy.core.ui.rmpc"  v="6.0.200.v20160310_1940"  p=""  ex="false"  sz="80098" >
<dig da="MD5"  dv="b9f240b4518b4f132cc4fbf3322119dd" />

</af>
<af id="com.ibm.ccl.soa.sketcher.ui.rmpc"  v="6.0.100.v20151114_0444"  p=""  ex="false"  sz="22546" >
<dig da="MD5"  dv="c9ca0c7956c2dc8d9e08f6ba1276943e" />

</af>
<af id="com.ibm.ccl.soa.deploy.rmpx.common"  v="6.0.0.v20151114_0444"  p=""  ex="false"  sz="17953" >
<dig da="MD5"  dv="598d635f9e1f98fff84dfdd80fd3c8d3" />

</af>
<af id="com.ibm.ccl.soa.sketcher.rmpx.common"  v="6.0.0.v20151114_0444"  p=""  ex="false"  sz="4007" >
<dig da="MD5"  dv="622df7cf59baf78101c8960159c987de" />

</af>
<af id="com.ibm.ccl.soa.deploy.core.ui.rmpc.nl2"  v="6.0.0.v201505071313"  p=""  ex="false"  sz="8252" >
<dig da="MD5"  dv="ff3f0372635a2fca94ca3dff7890710b" />

</af>
<af id="com.ibm.ccl.soa.deploy.core.ui.rmpc.nl1"  v="6.0.0.v201505071312"  p=""  ex="false"  sz="25174" >
<dig da="MD5"  dv="a5f47e517c9da4c9c0ad0edf6b603cef" />

</af>
</cset>
</cset>
<cset v="5.*" >
<summary  count="6"  totalSize="42680" >
<digs da="MD5"  count="6" />
</summary>
<cset p="*" >
<summary  count="6"  totalSize="42680" >
<digs da="MD5"  count="6" />
</summary>
<af id="com.ibm.ccl.soa.sketcher.ui.rmpc.nl2"  v="5.0.0.v201404250855"  p=""  ex="false"  sz="6704" >
<dig da="MD5"  dv="d90813134cd2f40b32858cf0f1ce11d5" />

</af>
<af id="com.ibm.ccl.soa.sketcher.ui.rmpc.nl1"  v="5.0.0.v201404250854"  p=""  ex="false"  sz="19366" >
<dig da="MD5"  dv="c6045912883f5a5f7a60a17b433be7cd" />

</af>
<af id="com.ibm.ccl.soa.deploy.rmpx.common.nl1"  v="5.0.0.v201404250854"  p=""  ex="false"  sz="6394" >
<dig da="MD5"  dv="49b11bc622e9cfe7bed939c0f8830c9f" />

</af>
<af id="com.ibm.ccl.soa.deploy.rmpx.common.nl2"  v="5.0.0.v201404250854"  p=""  ex="false"  sz="1898" >
<dig da="MD5"  dv="d24b168b5258fd00a483587a86d9d0c3" />

</af>
<af id="com.ibm.ccl.soa.sketcher.rmpx.common.nl2"  v="5.0.0.v201404250854"  p=""  ex="false"  sz="1929" >
<dig da="MD5"  dv="18969bfc21604388e18b03c9f95d0fbf" />

</af>
<af id="com.ibm.ccl.soa.sketcher.rmpx.common.nl1"  v="5.0.0.v201404250854"  p=""  ex="false"  sz="6389" >
<dig da="MD5"  dv="3fcf482bbd8e46d4cacc6f97e225489b" />

</af>
</cset>
</cset>
</cset>
<cset id="com.ibm.rcam*" >
<summary  count="3"  totalSize="42330" >
<digs da="MD5"  count="3" />
</summary>
<cset v="1.*" >
<summary  count="1"  totalSize="3340" >
<digs da="MD5"  count="1" />
</summary>
<cset p="*" >
<summary  count="1"  totalSize="3340" >
<digs da="MD5"  count="1" />
</summary>
<af id="com.ibm.rcam.collab_client.cshelp"  v="1.0.0.v20111130_2109"  p=""  ex="false"  sz="3340" >
<dig da="MD5"  dv="5ef49b2af30c1fe690591ebc31f609ad" />

</af>
</cset>
</cset>
<cset v="7.*" >
<summary  count="2"  totalSize="38990" >
<digs da="MD5"  count="2" />
</summary>
<cset p="*" >
<summary  count="2"  totalSize="38990" >
<digs da="MD5"  count="2" />
</summary>
<af id="com.ibm.rcam.collab_client.cshelp.nl2"  v="7.0.5.v20111130_2109"  p=""  ex="false"  sz="3930" >
<dig da="MD5"  dv="3db61e53e686c0bb4b0ac84074089010" />

</af>
<af id="com.ibm.rcam.collab_client.cshelp.nl1"  v="7.0.5.v20111130_2109"  p=""  ex="false"  sz="35060" >
<dig da="MD5"  dv="397f2a836fe6132bf1bd72bfc6a9fc0d" />

</af>
</cset>
</cset>
</cset>
<cset id="com.ibm.rational*" >
<summary  count="3"  totalSize="55620" >
<digs da="MD5"  count="3" />
</summary>
<cset v="3.*" >
<summary  count="1"  totalSize="12358" >
<digs da="MD5"  count="1" />
</summary>
<cset p="*" >
<summary  count="1"  totalSize="12358" >
<digs da="MD5"  count="1" />
</summary>
<af id="com.ibm.rational.rcam.welcome.doc"  v="3.0.1.v20120703_0757"  p=""  ex="false"  sz="12358" >
<dig da="MD5"  dv="6691d6582c8dbc08107d1aaabe1c98b7" />

</af>
</cset>
</cset>
<cset v="1.*" >
<summary  count="2"  totalSize="43262" >
<digs da="MD5"  count="2" />
</summary>
<cset p="*" >
<summary  count="2"  totalSize="43262" >
<digs da="MD5"  count="2" />
</summary>
<af id="com.ibm.rational.rcam.welcome.doc.nl1"  v="1.0.1.v20120808_1627"  p=""  ex="false"  sz="39241" >
<dig da="MD5"  dv="dfeea77879d3b6f230bff32e990656d3" />

</af>
<af id="com.ibm.rational.rcam.welcome.doc.nl2"  v="1.0.1.v20120821_1110"  p=""  ex="false"  sz="4021" >
<dig da="MD5"  dv="2b3fc19728bae9647aacb4205d27eb8f" />

</af>
</cset>
</cset>
</cset>
<cset id="com.ibm.team*" >
<summary  count="37"  totalSize="3295820" >
<digs da="MD5"  count="36" />
<digs da="MD5"  count="1" />
</summary>
<cset v="1.*" >
<summary  count="37"  totalSize="3295820" >
<digs da="MD5"  count="36" />
<digs da="MD5"  count="1" />
</summary>
<cset p="*" >
<summary  count="37"  totalSize="3295820" >
<digs da="MD5"  count="36" />
<digs da="MD5"  count="1" />
</summary>
<af id="com.ibm.team.repository.client"  v="1.3.3000.v20160503_1558"  p=""  ex="false"  sz="399783" >
<dig da="MD5"  dv="30ca712b0c79ca20d0cb7359d6a85449" />

</af>
<af id="com.ibm.team.javalogging.ui"  v="1.1.1200.v20130129_0138"  p=""  ex="true"  sz="4190" >
<dig da="MD5"  dv="ba323d672716d858c29961051fd3fe21" />

</af>
<af id="com.ibm.team.log4j.ui"  v="1.2.1000.v20150218_1646"  p=""  ex="true"  sz="5377" >
<dig da="MD5"  dv="a16a29e23f4dee3bd88d519fd20f25a2" />

</af>
<af id="com.ibm.team.repository.common"  v="1.4.3000.v20160503_1558"  p=""  ex="false"  sz="1633552" >
<dig da="MD5"  dv="dc831a643c383fb4ba7c2d0faeb20448" />

</af>
<af id="com.ibm.team.repository.common.transport"  v="1.2.0.v20140307_1622"  p=""  ex="false"  sz="87680" >
<dig da="MD5"  dv="c1a4dfe69587ec5f9856395fe876c4a0" />

</af>
<af id="com.ibm.team.repository.common.json"  v="1.2.1000.v20150610_0124"  p=""  ex="false"  sz="17899" >
<dig da="MD5"  dv="ecaaac649bc41ae76530b45fe032f3ad" />

</af>
<af id="com.ibm.team.repository.common.remoteaccess"  v="1.2.3000.v20160503_1558"  p=""  ex="false"  sz="174360" >
<dig da="MD5"  dv="7153479e687b5f3ba981e9216abb21e0" />

</af>
<af id="com.ibm.team.repository.common.remoteaccess.auth"  v="1.3.1000.v20141126_0052"  p=""  ex="false"  sz="13164" >
<dig da="MD5"  dv="d5366741089270fd6590a93beb8279af" />

</af>
<af id="com.ibm.team.repository.common.serialize"  v="1.2.3000.v20160308_1839"  p=""  ex="false"  sz="291875" >
<dig da="MD5"  dv="f816bb9733fd73db6f5c66ef182d44ae" />

</af>
<af id="com.ibm.team.javalogging.ui.nl2a"  v="1.1.4.v201305071657"  p=""  ex="false"  sz="1847" >
<dig da="MD5"  dv="1e91477a15c0bc225d8d9a57139712dd" />

</af>
<af id="com.ibm.team.log4j.ui.nl2a"  v="1.1.1.v201109280231"  p=""  ex="false"  sz="1831" >
<dig da="MD5"  dv="545ec9a52ae5738055f6bb3706252c0e" />

</af>
<af id="com.ibm.team.repository.client.nl2a"  v="1.3.3.v201511051901"  p=""  ex="false"  sz="12861" >
<dig da="MD5"  dv="05c99f96512ec885a2578d9a4df9972d" />

</af>
<af id="com.ibm.team.javalogging.ui.nl2"  v="1.1.1.v201109280231"  p=""  ex="false"  sz="3661" >
<dig da="MD5"  dv="584036a01b565edf3e4b34f12eb2f734" />

</af>
<af id="com.ibm.team.log4j.ui.nl2"  v="1.1.1.v201109280231"  p=""  ex="false"  sz="3622" >
<dig da="MD5"  dv="23610dd766c7f1820a633a3b1523a7bf" />

</af>
<af id="com.ibm.team.repository.client.nl2"  v="1.3.3.v201511051858"  p=""  ex="false"  sz="46100" >
<dig da="MD5"  dv="7b250724bc255d8a733fce6874bbda4a" />

</af>
<af id="com.ibm.team.javalogging.ui.nl1"  v="1.1.5.v201505131348"  p=""  ex="false"  sz="7171" >
<dig da="MD5"  dv="a73b33e9ea6a3919634fc108b3116849" />

</af>
<af id="com.ibm.team.log4j.ui.nl1"  v="1.1.2.v201505131348"  p=""  ex="false"  sz="7094" >
<dig da="MD5"  dv="81dd692a4ddfeb161e701fc921735302" />

</af>
<af id="com.ibm.team.repository.client.nl1"  v="1.3.3.v201511051900"  p=""  ex="false"  sz="99589" >
<dig da="MD5"  dv="cb39ff38c455405e8de27408aa2a25d1" />

</af>
<af id="com.ibm.team.repository.common.nl2"  v="1.4.4.v201603161348"  p=""  ex="false"  sz="67802" >
<dig da="MD5"  dv="c69910b4bf2b8aee68f1e919c6c87f7c" />

</af>
<af id="com.ibm.team.repository.common.json.nl2"  v="1.1.1.v201109280231"  p=""  ex="false"  sz="3576" >
<dig da="MD5"  dv="914acbceceab66bd54747182eef6ec64" />

</af>
<af id="com.ibm.team.repository.common.remoteaccess.nl2"  v="1.2.102.v201511051858"  p=""  ex="false"  sz="29119" >
<dig da="MD5"  dv="e5175bd5b00f4f9157fb7d894839c38f" />

</af>
<af id="com.ibm.team.repository.common.remoteaccess.auth.nl2"  v="1.3.100.v201410211624"  p=""  ex="false"  sz="9886" >
<dig da="MD5"  dv="2074a1f766efe1defc6074d1c925749c" />

</af>
<af id="com.ibm.team.repository.common.serialize.nl2"  v="1.2.2.v201505131346"  p=""  ex="false"  sz="20035" >
<dig da="MD5"  dv="6af34e49693c1c3916319166067cf0be" />

</af>
<af id="com.ibm.team.repository.common.transport.nl2"  v="1.1.1.v201109280231"  p=""  ex="false"  sz="3572" >
<dig da="MD5"  dv="5c42b0f5a103dbdc85da81047e9e6ebd" />

</af>
<af id="com.ibm.team.repository.common.nl1"  v="1.4.5.v201603161350"  p=""  ex="false"  sz="157487" >
<dig da="MD5"  dv="04e274a8d46637638b73684540f13955" />

</af>
<af id="com.ibm.team.repository.common.json.nl1"  v="1.1.2.v201505131348"  p=""  ex="false"  sz="6931" >
<dig da="MD5"  dv="d46e28255e9597523123a2594b415998" />

</af>
<af id="com.ibm.team.repository.common.remoteaccess.nl1"  v="1.2.102.v201511051900"  p=""  ex="false"  sz="61850" >
<dig da="MD5"  dv="1eedf412069c2ed036b14e89680daf49" />

</af>
<af id="com.ibm.team.repository.common.remoteaccess.auth.nl1"  v="1.3.101.v201505131348"  p=""  ex="false"  sz="19808" >
<dig da="MD5"  dv="f10996b9615a220be5b6df969729bf66" />

</af>
<af id="com.ibm.team.repository.common.serialize.nl1"  v="1.2.2.v201505131348"  p=""  ex="false"  sz="43172" >
<dig da="MD5"  dv="a09faea26084ce8d208b41d2973c8f86" />

</af>
<af id="com.ibm.team.repository.common.transport.nl1"  v="1.1.2.v201505131348"  p=""  ex="false"  sz="6978" >
<dig da="MD5"  dv="64c164607c929205129653919bcdf75d" />

</af>
<af id="com.ibm.team.repository.common.nl2a"  v="1.4.3.v201603161352"  p=""  ex="false"  sz="19166" >
<dig da="MD5"  dv="e7da433972283e2625133bc4d7a28985" />

</af>
<af id="com.ibm.team.repository.common.json.nl2a"  v="1.1.1.v201109280231"  p=""  ex="false"  sz="1848" >
<dig da="MD5"  dv="d2fae89ba286ced9c5b41c1befb127cb" />

</af>
<af id="com.ibm.team.repository.common.remoteaccess.nl2a"  v="1.2.102.v201511051901"  p=""  ex="false"  sz="8962" >
<dig da="MD5"  dv="33716957ba4de305d3ed18f84b1259bf" />

</af>
<af id="com.ibm.team.repository.common.remoteaccess.auth.nl2a"  v="1.3.100.v201410211625"  p=""  ex="false"  sz="4642" >
<dig da="MD5"  dv="23ae2b05d762feba4107d0dfcb6a1a37" />

</af>
<af id="com.ibm.team.repository.common.serialize.nl2a"  v="1.2.1.v201407291302"  p=""  ex="false"  sz="7472" >
<dig da="MD5"  dv="d8c2e5acdd74cd99ec6ca269ef629c49" />

</af>
<af id="com.ibm.team.repository.common.transport.nl2a"  v="1.1.1.v201109280231"  p=""  ex="false"  sz="1842" >
<dig da="MD5"  dv="dea7b9f13676eb71f9326c5cf94a80dd" />

</af>
<af id="com.ibm.team.equinox.weaving.filtered.caching.j9"  v="1.1.2000.v20160321_1859"  p=""  ex="false"  sz="10016" >
<dig da="MD5"  dv="75d0cd8a7326f43e44896e0ed463337f" />

</af>
</cset>
</cset>
</cset>
<cset id="net.oauth" >
<summary  count="1"  totalSize="73529" >
<digs da="MD5"  count="1" />
</summary>
<cset v="0.*" >
<summary  count="1"  totalSize="73529" >
<digs da="MD5"  count="1" />
</summary>
<cset p="*" >
<summary  count="1"  totalSize="73529" >
<digs da="MD5"  count="1" />
</summary>
<af id="net.oauth"  v="0.2.3000.v20160321_1859"  p=""  ex="false"  sz="73529" >
<dig da="MD5"  dv="6117ae518bdf3ced22189566e3a0ff05" />

</af>
</cset>
</cset>
</cset>
<cset id="org.apache.http*" >
<summary  count="2"  totalSize="3124991" >
<digs da="MD5"  count="2" />
</summary>
<cset v="4.*" >
<summary  count="2"  totalSize="3124991" >
<digs da="MD5"  count="2" />
</summary>
<cset p="*" >
<summary  count="2"  totalSize="3124991" >
<digs da="MD5"  count="2" />
</summary>
<af id="org.apache.http"  v="4.4.1.v20160321_1859"  p=""  ex="true"  sz="701405" >
<dig da="MD5"  dv="66d96a34ebf1af9e4e65074ea679e9c6" />

</af>
<af id="org.apache.http.client"  v="4.5.0.v20160321_1859"  p=""  ex="true"  sz="2423586" >
<dig da="MD5"  dv="a4ff8762955a81557924c8bd38283e07" />

</af>
</cset>
</cset>
</cset>
<cset id="org.apache.james*" >
<summary  count="1"  totalSize="314596" >
<digs da="MD5"  count="1" />
</summary>
<cset v="0.*" >
<summary  count="1"  totalSize="314596" >
<digs da="MD5"  count="1" />
</summary>
<cset p="*" >
<summary  count="1"  totalSize="314596" >
<digs da="MD5"  count="1" />
</summary>
<af id="org.apache.james.mime4j"  v="0.6.0.v20120423"  p=""  ex="true"  sz="314596" >
<dig da="MD5"  dv="ad94c1efe8becb6a6f036936ce578edf" />

</af>
</cset>
</cset>
</cset>
<cset id="org.aspectj.runtime*" >
<summary  count="1"  totalSize="113180" >
<digs da="MD5"  count="1" />
</summary>
<cset v="1.*" >
<summary  count="1"  totalSize="113180" >
<digs da="MD5"  count="1" />
</summary>
<cset p="*" >
<summary  count="1"  totalSize="113180" >
<digs da="MD5"  count="1" />
</summary>
<af id="org.aspectj.runtime"  v="1.7.2.20130214224500"  p=""  ex="true"  sz="113180" >
<dig da="MD5"  dv="ce3fa1492288641d3263e38075e39709" />

</af>
</cset>
</cset>
</cset>
<cset id="org.aspectj.weaver*" >
<summary  count="1"  totalSize="1642860" >
<digs da="MD5"  count="1" />
</summary>
<cset v="1.*" >
<summary  count="1"  totalSize="1642860" >
<digs da="MD5"  count="1" />
</summary>
<cset p="*" >
<summary  count="1"  totalSize="1642860" >
<digs da="MD5"  count="1" />
</summary>
<af id="org.aspectj.weaver"  v="1.7.2.20130214224500"  p=""  ex="true"  sz="1642860" >
<dig da="MD5"  dv="470f1d5f221ef1b6c7bb8416fa8a9527" />

</af>
</cset>
</cset>
</cset>
<cset id="org.eclipse.equinox*" >
<summary  count="3"  totalSize="120038" >
<digs da="MD5"  count="3" />
</summary>
<cset v="1.*" >
<summary  count="3"  totalSize="120038" >
<digs da="MD5"  count="3" />
</summary>
<cset p="*" >
<summary  count="3"  totalSize="120038" >
<digs da="MD5"  count="3" />
</summary>
<af id="org.eclipse.equinox.weaving.aspectj"  v="1.0.200.I20130127-2000"  p=""  ex="false"  sz="47208" >
<dig da="MD5"  dv="bab99b697c7bd205bce6df20d4e11783" />

</af>
<af id="org.eclipse.equinox.weaving.caching"  v="1.0.200.I20130127-2000"  p=""  ex="false"  sz="32731" >
<dig da="MD5"  dv="9a740b9cb85af0ee28b06fbcc53f83a2" />

</af>
<af id="org.eclipse.equinox.weaving.hook"  v="1.0.200.I20130127-2000"  p=""  ex="false"  sz="40099" >
<dig da="MD5"  dv="f9e265553fc4edf73eb825ef08fbb56c" />

</af>
</cset>
</cset>
</cset>
</cset>