<?xml version="1.0" encoding="UTF-8"?>
<?atoc version='0.0.1'?>
<cset q="feature" >
<summary  count="50"  totalSize="53818" >
<digs da="MD5"  count="48" />
<digs da="MD5"  count="2" />
</summary>
<cset id="com.ibm.xtools*" >
<summary  count="25"  totalSize="14423" >
<digs da="MD5"  count="25" />
</summary>
<cset v="6.*" >
<summary  count="10"  totalSize="7217" >
<digs da="MD5"  count="10" />
</summary>
<cset p="*" >
<summary  count="10"  totalSize="7217" >
<digs da="MD5"  count="10" />
</summary>
<af id="com.ibm.xtools.kenton.common.feature"  v="6.0.100.v20160308_0222"  p=""  ex="true"  sz="1311" >
<dig da="MD5"  dv="91154a2c166764b9c3fa0f3e50d61e8f" />

</af>
<af id="com.ibm.xtools.kenton.client.feature"  v="6.0.100.v20160322_1939"  p=""  ex="true"  sz="1321" >
<dig da="MD5"  dv="6a1789279cd445acc6fee52f4706a97c" />

</af>
<af id="com.ibm.xtools.rmpc.ui.feature"  v="6.0.0.v20160627_1553"  p=""  ex="true"  sz="1029" >
<dig da="MD5"  dv="c98eff3d05f1792c11c0ee84483ef579" />

</af>
<af id="com.ibm.xtools.rmpc.rsa.ui.feature"  v="6.0.100.v20160715_1339"  p=""  ex="true"  sz="1126" >
<dig da="MD5"  dv="99f58410303772edf45f8fec0b231eed" />

</af>
<af id="com.ibm.xtools.rmpx.common.communicator.feature"  v="6.0.100.v20160305_0046"  p=""  ex="true"  sz="626" >
<dig da="MD5"  dv="1f9168c27b12ab67147f80579b4aca02" />

</af>
<af id="com.ibm.xtools.kenton.client.feature.nls2"  v="6.0.0.v201505071310"  p=""  ex="true"  sz="342" >
<dig da="MD5"  dv="b0a83d9b036d8e3ffc387de688a42426" />

</af>
<af id="com.ibm.xtools.rmpc.ui.feature.nls2"  v="6.0.2.v201602181611"  p=""  ex="true"  sz="331" >
<dig da="MD5"  dv="d38070d61f10dc41fd16cc1d522432cd" />

</af>
<af id="com.ibm.xtools.rmpc.ui.feature.nls1"  v="6.0.2.v201602251353"  p=""  ex="true"  sz="334" >
<dig da="MD5"  dv="8ed621ddc75b320bec7550dec0620569" />

</af>
<af id="com.ibm.xtools.rmpc.rsa.ui.feature.nls2"  v="6.0.2.v201602181611"  p=""  ex="true"  sz="398" >
<dig da="MD5"  dv="947c0d9afa423bfaba3283abac31d646" />

</af>
<af id="com.ibm.xtools.rmpc.rsa.ui.feature.nls1"  v="6.0.2.v201602251352"  p=""  ex="true"  sz="399" >
<dig da="MD5"  dv="79019e0aaae121e83c53c30e2787490c" />

</af>
</cset>
</cset>
<cset v="5.*" >
<summary  count="14"  totalSize="6863" >
<digs da="MD5"  count="14" />
</summary>
<cset p="*" >
<summary  count="14"  totalSize="6863" >
<digs da="MD5"  count="14" />
</summary>
<af id="com.ibm.xtools.kenton.common.emf.feature"  v="5.0.200.v20160216_1819"  p=""  ex="true"  sz="601" >
<dig da="MD5"  dv="99a1e2c686d88b1a2be9b89fd2f79795" />

</af>
<af id="com.ibm.xtools.bpmn2.common.feature"  v="5.0.0.v20151114_0444"  p=""  ex="true"  sz="1136" >
<dig da="MD5"  dv="9ad3fd7c8ac1a3fc07b11f8be8f793e2" />

</af>
<af id="com.ibm.xtools.uml.common.feature"  v="5.0.0.v20160115_1918"  p=""  ex="true"  sz="1137" >
<dig da="MD5"  dv="2b135397465a7205ceec73cad0df7216" />

</af>
<af id="com.ibm.xtools.rsa.common.feature"  v="5.0.200.v20151114_0444"  p=""  ex="true"  sz="1134" >
<dig da="MD5"  dv="7602660115eb2ce46b9f1223621d9f9e" />

</af>
<af id="com.ibm.xtools.kenton.common.feature.nls2"  v="5.0.0.v201404250852"  p=""  ex="true"  sz="332" >
<dig da="MD5"  dv="8bfdf3fa176acd84b202f45e27c018f3" />

</af>
<af id="com.ibm.xtools.kenton.common.feature.nls1"  v="5.0.0.v201404250850"  p=""  ex="true"  sz="332" >
<dig da="MD5"  dv="a9f9a7705f713246bb7c3e1f46535141" />

</af>
<af id="com.ibm.xtools.kenton.common.emf.feature.nls1"  v="5.0.0.v201404250850"  p=""  ex="true"  sz="279" >
<dig da="MD5"  dv="75eb493e7f412e963ecc6999a2edf934" />

</af>
<af id="com.ibm.xtools.kenton.common.emf.feature.nls2"  v="5.0.0.v201404250852"  p=""  ex="true"  sz="279" >
<dig da="MD5"  dv="3d554ae9207a90545478b8e478b2b3fa" />

</af>
<af id="com.ibm.xtools.bpmn2.common.feature.nls1"  v="5.0.0.v201404250854"  p=""  ex="true"  sz="273" >
<dig da="MD5"  dv="0ecbe0cd42aa3815146e375bf83ac6e9" />

</af>
<af id="com.ibm.xtools.bpmn2.common.feature.nls2"  v="5.0.0.v201404250855"  p=""  ex="true"  sz="274" >
<dig da="MD5"  dv="033e6259ca4162e71b3ce6ebcb7271ea" />

</af>
<af id="com.ibm.xtools.uml.common.feature.nls1"  v="5.0.0.v201404250855"  p=""  ex="true"  sz="272" >
<dig da="MD5"  dv="7901a39a1f2dfe3390fae2ee34efd76d" />

</af>
<af id="com.ibm.xtools.uml.common.feature.nls2"  v="5.0.0.v201404250855"  p=""  ex="true"  sz="271" >
<dig da="MD5"  dv="37a9163c72697d205a77735d2208cd51" />

</af>
<af id="com.ibm.xtools.rsa.common.feature.nls1"  v="5.0.0.v201404250855"  p=""  ex="true"  sz="272" >
<dig da="MD5"  dv="c9a1f618fa5515b5084bf035fedd329b" />

</af>
<af id="com.ibm.xtools.rsa.common.feature.nls2"  v="5.0.0.v201404250855"  p=""  ex="true"  sz="271" >
<dig da="MD5"  dv="b519fe74de07af09ed0294285286e6ed" />

</af>
</cset>
</cset>
<cset v="4.*" >
<summary  count="1"  totalSize="343" >
<digs da="MD5"  count="1" />
</summary>
<cset p="*" >
<summary  count="1"  totalSize="343" >
<digs da="MD5"  count="1" />
</summary>
<af id="com.ibm.xtools.kenton.client.feature.nls1"  v="4.0.0.v201505071307"  p=""  ex="true"  sz="343" >
<dig da="MD5"  dv="7fd6a818a36154b090278de18b7911e4" />

</af>
</cset>
</cset>
</cset>
<cset id="com.ibm.rcam*" >
<summary  count="3"  totalSize="9887" >
<digs da="MD5"  count="3" />
</summary>
<cset v="1.*" >
<summary  count="3"  totalSize="9887" >
<digs da="MD5"  count="3" />
</summary>
<cset p="*" >
<summary  count="3"  totalSize="9887" >
<digs da="MD5"  count="3" />
</summary>
<af id="com.ibm.rcam.collab.client.cshelp.feature"  v="1.0.0.v20111130_2109"  p=""  ex="true"  sz="1809" >
<dig da="MD5"  dv="9b67f7945aa93d019481d2f838ec6c8d" />

</af>
<af id="com.ibm.rcam.collab.client.cshelp.feature.nl2"  v="1.0.0.v20111130_2109"  p=""  ex="true"  sz="2247" >
<dig da="MD5"  dv="3ee128ade8fb620c52ecf2aeee991a2f" />

</af>
<af id="com.ibm.rcam.collab.client.cshelp.feature.nl1"  v="1.0.0.v20111130_2109"  p=""  ex="true"  sz="5831" >
<dig da="MD5"  dv="8ffd5cda80c1b1eb1e9c9fc963d509d5" />

</af>
</cset>
</cset>
</cset>
<cset id="com.ibm.rational*" >
<summary  count="3"  totalSize="20404" >
<digs da="MD5"  count="3" />
</summary>
<cset v="3.*" >
<summary  count="3"  totalSize="20404" >
<digs da="MD5"  count="3" />
</summary>
<cset p="*" >
<summary  count="3"  totalSize="20404" >
<digs da="MD5"  count="3" />
</summary>
<af id="com.ibm.rational.rcam.welcome.doc.feature"  v="3.0.1.v20120703_0757"  p=""  ex="true"  sz="1627" >
<dig da="MD5"  dv="7be95446d917b82fb35904d2cfe14f54" />

</af>
<af id="com.ibm.rational.rcam.welcome.doc.feature.nl1"  v="3.0.0.v20120808_1627"  p=""  ex="true"  sz="15953" >
<dig da="MD5"  dv="f1d1698d249db78abdeff5858b638450" />

</af>
<af id="com.ibm.rational.rcam.welcome.doc.feature.nl2"  v="3.0.0.v20120821_1110"  p=""  ex="true"  sz="2824" >
<dig da="MD5"  dv="d264849ae8cce4aaf6038735d606952b" />

</af>
</cset>
</cset>
</cset>
<cset id="com.ibm.ccl*" >
<summary  count="6"  totalSize="3384" >
<digs da="MD5"  count="6" />
</summary>
<cset v="5.*" >
<summary  count="6"  totalSize="3384" >
<digs da="MD5"  count="6" />
</summary>
<cset p="*" >
<summary  count="6"  totalSize="3384" >
<digs da="MD5"  count="6" />
</summary>
<af id="com.ibm.ccl.soa.deploy.common.feature"  v="5.0.0.v20151114_0444"  p=""  ex="true"  sz="1148" >
<dig da="MD5"  dv="247bf28f44dfcc5cf654f188249a0c55" />

</af>
<af id="com.ibm.ccl.soa.sketcher.common.feature"  v="5.0.0.v20151114_0444"  p=""  ex="true"  sz="1138" >
<dig da="MD5"  dv="8a8b2ba71b2e64ab5c9d5ea86dfa73ae" />

</af>
<af id="com.ibm.ccl.soa.deploy.common.feature.nls1"  v="5.0.0.v201404250854"  p=""  ex="true"  sz="274" >
<dig da="MD5"  dv="b1873e9cd0a3a75c9988e4def27def61" />

</af>
<af id="com.ibm.ccl.soa.deploy.common.feature.nls2"  v="5.0.0.v201404250855"  p=""  ex="true"  sz="275" >
<dig da="MD5"  dv="5f84f45f45912a6edc86eb6adb46d42d" />

</af>
<af id="com.ibm.ccl.soa.sketcher.common.feature.nls2"  v="5.0.0.v201404250855"  p=""  ex="true"  sz="275" >
<dig da="MD5"  dv="9e8aecaada223b6f2697fcf5b2dacf65" />

</af>
<af id="com.ibm.ccl.soa.sketcher.common.feature.nls1"  v="5.0.0.v201404250854"  p=""  ex="true"  sz="274" >
<dig da="MD5"  dv="79a54c8d9de09f072051eede6c8a54e9" />

</af>
</cset>
</cset>
</cset>
<cset id="com.ibm.team*" >
<summary  count="9"  totalSize="4001" >
<digs da="MD5"  count="8" />
<digs da="MD5"  count="1" />
</summary>
<cset v="1.*" >
<summary  count="9"  totalSize="4001" >
<digs da="MD5"  count="8" />
<digs da="MD5"  count="1" />
</summary>
<cset p="*" >
<summary  count="9"  totalSize="4001" >
<digs da="MD5"  count="8" />
<digs da="MD5"  count="1" />
</summary>
<af id="com.ibm.team.repository.client.jfs.feature"  v="1.1.3000.v20160503_1558"  p=""  ex="true"  sz="570" >
<dig da="MD5"  dv="e8bec4b73d8af1949799480e71a319eb" />

</af>
<af id="com.ibm.team.repository.common.jfs.feature"  v="1.1.3000.v20160503_1558"  p=""  ex="true"  sz="712" >
<dig da="MD5"  dv="3de911a76e82c6969da48c51e8d25908" />

</af>
<af id="com.ibm.team.repository.client.jfs.feature.nls2a"  v="1.1.3.v201511051901"  p=""  ex="true"  sz="319" >
<dig da="MD5"  dv="35b2383e8951e1686076d53bf2049f1f" />

</af>
<af id="com.ibm.team.repository.client.jfs.feature.nls2"  v="1.1.3.v201511051858"  p=""  ex="true"  sz="308" >
<dig da="MD5"  dv="13f7085e472182f89081c2cbf85101cd" />

</af>
<af id="com.ibm.team.repository.client.jfs.feature.nls1"  v="1.1.3.v201511051900"  p=""  ex="true"  sz="309" >
<dig da="MD5"  dv="580d572bc1ee8d949320643a256e77f5" />

</af>
<af id="com.ibm.team.repository.common.jfs.feature.nls2"  v="1.4.3.v201603161348"  p=""  ex="true"  sz="369" >
<dig da="MD5"  dv="6d871871122996f857d988e705f2cb82" />

</af>
<af id="com.ibm.team.repository.common.jfs.feature.nls1"  v="1.4.3.v201603161350"  p=""  ex="true"  sz="353" >
<dig da="MD5"  dv="6c285ea3e669333ed4e56b16dfd7acbd" />

</af>
<af id="com.ibm.team.repository.common.jfs.feature.nls2a"  v="1.4.3.v201603161352"  p=""  ex="true"  sz="365" >
<dig da="MD5"  dv="0dab264fb181d0cc2cbc2c242d28d6a9" />

</af>
<af id="com.ibm.team.server.weaver.feature"  v="1.0.2000.v20160321_1859"  p=""  ex="true"  sz="696" >
<dig da="MD5"  dv="e9e7068971ad9177c61d54c459bfb524" />

</af>
</cset>
</cset>
</cset>
<cset id="net.oauth.jfs*" >
<summary  count="1"  totalSize="361" >
<digs da="MD5"  count="1" />
</summary>
<cset v="1.*" >
<summary  count="1"  totalSize="361" >
<digs da="MD5"  count="1" />
</summary>
<cset p="*" >
<summary  count="1"  totalSize="361" >
<digs da="MD5"  count="1" />
</summary>
<af id="net.oauth.jfs.feature"  v="1.0.4000.v20160321_1859"  p=""  ex="true"  sz="361" >
<dig da="MD5"  dv="921ce103f513dae97d12bb635373b2db" />

</af>
</cset>
</cset>
</cset>
<cset id="org.apache.commons*" >
<summary  count="1"  totalSize="349" >
<digs da="MD5"  count="1" />
</summary>
<cset v="1.*" >
<summary  count="1"  totalSize="349" >
<digs da="MD5"  count="1" />
</summary>
<cset p="*" >
<summary  count="1"  totalSize="349" >
<digs da="MD5"  count="1" />
</summary>
<af id="org.apache.commons.httpclient.jfs.feature"  v="1.0.1100.v20160321_1859"  p=""  ex="true"  sz="349" >
<dig da="MD5"  dv="6de17677f80a352a8e7b39a778b928d8" />

</af>
</cset>
</cset>
</cset>
<cset id="org.apache.http*" >
<summary  count="1"  totalSize="576" >
<digs da="MD5"  count="1" />
</summary>
<cset v="1.*" >
<summary  count="1"  totalSize="576" >
<digs da="MD5"  count="1" />
</summary>
<cset p="*" >
<summary  count="1"  totalSize="576" >
<digs da="MD5"  count="1" />
</summary>
<af id="org.apache.http.jfs.feature"  v="1.0.2000.v20160321_1859"  p=""  ex="true"  sz="576" >
<dig da="MD5"  dv="2314a20e3479e25f9965e466d54d7e9c" />

</af>
</cset>
</cset>
</cset>
<cset id="org.aspectj.feature*" >
<summary  count="1"  totalSize="433" >
<digs da="MD5"  count="1" />
</summary>
<cset v="1.*" >
<summary  count="1"  totalSize="433" >
<digs da="MD5"  count="1" />
</summary>
<cset p="*" >
<summary  count="1"  totalSize="433" >
<digs da="MD5"  count="1" />
</summary>
<af id="org.aspectj.feature"  v="1.7.2.20130214224500"  p=""  ex="true"  sz="433" >
<dig da="MD5"  dv="743f6601045e04b5ebe50b3a0144d921" />

</af>
</cset>
</cset>
</cset>
</cset>