<?xml version="1.0" encoding="UTF-8"?>
<?atoc version='0.0.1'?>
<cset q="zip" >
<summary  count="1"  totalSize="486622" >
<digs da="MD5"  count="1" />
</summary>
<cset id="com.ibm.team*" >
<summary  count="1"  totalSize="486622" >
<digs da="MD5"  count="1" />
</summary>
<cset v="6.*" >
<summary  count="1"  totalSize="486622" >
<digs da="MD5"  count="1" />
</summary>
<cset p="*" >
<summary  count="1"  totalSize="486622" >
<digs da="MD5"  count="1" />
</summary>
<af id="com.ibm.team.license.content.HTML.RSADM.app"  v="6.0.2000.JOB-I20160322-1711-r602-"  p=""  ex="false"  sz="486622" >
<dig da="MD5"  dv="efc8f3653c4f176669620b9c873a31fc" />

</af>
</cset>
</cset>
</cset>
</cset>